pool_key,category,grid_width,grid_height,grid_csv,spawn_local_x,spawn_local_z,theme,palette,difficulty_scale,max_active_spawners,stat_version,arena_template_key
ch1_normal_forest_01,Normal,32,32,"W,W,W,W,W,W,W,W,W,W,W,W,W,W,W,W,DR5,W,W,W,W,W,W,W,W,W,W,W,W,W,W,W;W,dt,dr1,df,dt,F,F,F,F,F,F,F,F,F,F,F,F,F,F,F,F,F,dn,F,F,F,dr2,F,F,F,F,W;W,dr1,W,W,dr1,dr1,F,F,F,F,F,F,F,F,F,F,F,F,F,F,F,F,F,F,F,F,dr2,W,W,F,F,W;W,dl,W,W,dr2,dp,F,F,F,F,F,F,F,F,F,F,F,F,F,F,F,F,F,F,F,F,F,W,W,F,F,W;W,F,F,F,F,F,F,df,F,F,F,F,F,F,F,F,F,F,F,F,F,F,F,F,F,F,F,F,F,dr2,dm,W;W,F,F,F,F,F,dr1,dsta,F,F,F,F,F,F,F,F,F,F,F,F,F,F,F,F,F,F,F,F,F,F,dr2,W;W,F,F,F,F,F,F,F,dr1,F,F,F,F,F,F,F,F,F,F,F,F,F,F,F,F,F,F,F,F,dm,dn,W;W,F,F,F,F,F,F,F,F,F,F,F,F,F,F,F,F,F,F,F,F,F,F,F,F,F,F,F,F,F,F,W;W,F,F,F,F,F,F,F,F,F,F,F,F,F,F,F,mc3r2,F,F,F,F,F,F,F,F,F,F,F,F,F,F,W;W,F,F,F,F,F,F,F,F,F,F,F,F,F,F,F,F,F,F,F,F,F,F,F,F,F,F,F,F,F,F,W;W,F,F,F,F,F,F,F,F,F,F,F,F,F,F,F,F,F,F,F,F,F,F,F,F,F,F,F,F,F,F,W;W,F,F,F,F,F,F,F,F,F,F,F,F,F,F,F,F,F,F,F,F,F,F,F,F,F,F,F,F,F,F,W;W,F,F,F,F,F,F,F,F,F,F,F,F,F,F,F,F,F,F,F,F,F,F,F,F,F,F,dn,dr1,F,F,W;W,F,F,F,F,F,F,F,F,F,F,F,F,F,F,F,F,F,F,F,F,F,F,F,F,F,dp,F,F,F,F,W;W,F,F,F,F,F,F,F,F,F,F,F,F,F,F,F,F,F,F,F,F,F,F,F,F,F,df,F,F,F,F,W;W,F,F,F,F,F,F,F,F,F,F,F,F,F,F,F,F,F,F,F,F,F,F,F,F,F,F,F,F,F,F,W;W,F,F,F,F,F,F,F,mc3r2,F,F,F,F,F,F,F,P,F,F,F,F,F,mc3r2,F,F,F,F,F,F,F,F,DR5;W,F,F,F,F,F,F,F,F,F,F,F,F,F,F,F,F,F,F,F,F,F,F,F,F,F,F,F,F,F,F,W;W,F,F,F,F,F,F,F,F,F,F,F,F,F,F,F,F,F,F,F,F,F,F,F,F,F,F,F,F,F,F,W;W,F,F,F,F,F,F,F,F,F,F,F,F,F,F,F,F,F,F,F,F,F,F,F,F,F,F,F,F,F,F,W;W,dm,F,F,F,F,F,F,F,F,F,F,F,F,F,F,F,F,F,F,F,F,F,F,F,F,F,F,F,F,F,W;W,dp,F,F,F,F,F,F,F,F,F,F,F,F,F,F,F,F,F,F,F,F,F,F,F,F,F,F,F,F,F,W;W,F,F,F,F,F,F,F,F,F,F,F,F,F,F,F,mc3r2,F,F,F,F,F,F,F,F,F,F,F,F,F,F,W;W,F,F,F,F,F,F,F,F,F,F,F,F,F,F,F,F,F,F,F,F,F,F,F,F,F,F,F,F,F,F,W;W,F,F,F,F,F,F,F,F,F,F,F,F,F,F,F,F,F,F,F,F,F,F,F,F,F,F,F,F,F,F,W;W,F,F,F,dp,df,F,F,F,F,F,F,F,F,F,F,F,F,F,F,F,F,F,F,F,F,F,F,F,F,F,W;W,F,F,dtc,dt,dr2,F,F,F,F,F,F,F,F,F,F,F,F,F,F,F,F,F,F,F,F,F,F,F,F,F,W;W,dp,W,W,F,F,F,F,F,F,F,F,F,F,F,F,F,F,F,F,F,F,F,F,F,F,dm,W,W,F,F,W;W,dtd,W,W,F,F,F,F,F,F,F,F,F,F,F,F,F,F,F,F,F,F,F,F,F,F,F,W,W,F,F,W;W,F,F,F,F,F,F,F,F,F,F,F,F,F,F,F,F,F,F,F,F,F,F,F,F,F,F,F,F,F,F,W;W,F,F,F,F,F,F,F,F,F,F,F,F,F,F,F,F,F,F,F,F,F,F,F,F,F,F,F,F,F,F,W;W,W,W,W,W,W,W,W,W,W,W,W,W,W,W,W,DR5,W,W,W,W,W,W,W,W,W,W,W,W,W,W,W",0,0,Forest,,0.4,3,1,
ch1_normal_forest_02,Normal,32,32,"W,W,W,W,W,W,W,W,W,W,W,W,W,W,W,W,DR5,W,W,W,W,W,W,W,W,W,W,W,W,W,W,W;W,F,F,F,F,F,F,F,F,F,F,F,F,F,F,F,F,F,F,F,F,F,F,F,F,F,F,F,F,F,F,W;W,F,F,F,F,F,F,F,F,F,F,F,F,F,F,F,F,F,F,F,F,F,F,F,F,F,F,F,F,F,F,W;W,F,F,F,F,F,F,F,F,F,F,F,F,F,F,F,F,F,F,F,F,F,F,F,F,F,F,F,F,F,F,W;W,F,F,F,F,F,F,F,F,F,F,F,F,F,F,F,F,F,F,F,F,F,F,F,F,F,dl,F,F,dr2,F,W;W,F,F,F,F,F,F,F,F,F,F,F,F,F,F,F,F,F,F,F,F,F,F,F,F,F,df,df,F,F,dm,W;W,dn,df,dn,F,F,F,F,F,F,F,F,F,F,F,F,F,F,F,F,F,F,F,F,F,dl,df,dalt,dp,F,F,W;W,F,F,F,F,F,F,F,F,F,F,F,F,F,F,F,F,F,F,F,F,F,F,F,F,F,F,dr2,dr1,F,F,W;W,F,F,F,F,F,F,F,mc3r2,F,F,F,F,F,F,F,F,F,F,F,F,F,mc3r2,F,F,F,F,F,F,F,F,W;W,F,F,F,F,F,F,F,F,F,F,F,F,F,F,F,F,F,F,F,F,F,F,F,F,F,F,F,F,F,F,W;W,F,F,F,F,F,F,F,F,F,W,W,F,F,F,F,F,F,F,W,W,F,F,F,F,F,F,F,F,F,F,W;W,F,F,F,F,F,F,F,F,F,W,W,F,F,F,F,F,dl,dl,W,W,F,F,F,F,F,F,F,F,F,F,W;W,dp,dr1,F,F,F,F,F,F,F,F,F,F,F,F,F,dp,dr1,dm,F,F,F,F,F,F,F,F,F,F,F,F,W;W,dm,dt,F,F,F,F,F,F,F,F,F,F,F,F,F,F,F,F,dr2,F,F,F,F,F,F,F,F,F,F,F,W;W,F,F,F,F,F,F,F,F,F,F,F,F,F,F,F,F,F,F,dl,dr1,F,F,F,F,F,F,F,F,F,F,W;W,F,F,F,F,F,F,F,F,F,F,F,F,F,F,F,F,F,F,dr2,F,F,F,F,F,F,F,F,F,F,F,W;W,F,F,F,F,F,F,F,F,F,F,F,F,F,F,F,P,F,F,F,F,F,F,F,F,F,F,F,F,F,F,DR5;W,F,F,F,F,F,F,F,F,F,F,F,F,F,F,F,F,F,F,F,F,F,F,F,F,F,F,F,F,F,F,W;W,F,F,F,F,F,F,F,F,F,F,F,F,F,F,F,F,F,F,F,F,F,F,F,F,F,F,F,F,F,F,W;W,F,F,F,F,F,F,F,F,F,W,W,F,F,F,F,F,F,F,W,W,F,F,F,F,F,F,F,F,F,F,W;W,F,F,F,F,F,F,F,F,F,W,W,F,F,F,F,F,F,F,W,W,F,F,F,F,F,F,F,F,F,F,W;W,F,F,F,F,F,F,F,F,F,F,dtb,F,F,F,F,F,F,F,dtb,F,F,F,F,F,F,F,F,F,F,F,W;W,F,F,F,F,F,F,F,mc3r2,F,F,dn,F,F,F,F,F,F,F,F,F,F,mc3r2,F,F,F,F,F,F,F,F,W;W,F,F,F,F,F,F,F,F,F,F,F,F,F,F,F,F,F,F,F,F,F,F,F,F,F,F,F,F,F,F,W;W,F,F,F,F,F,F,F,F,F,F,F,F,F,F,F,F,F,F,F,F,F,F,F,F,F,F,F,F,F,F,W;W,F,F,F,F,F,F,F,F,F,F,F,F,F,F,F,F,F,F,F,F,F,F,F,F,F,F,F,F,F,F,W;W,F,F,F,F,F,F,F,F,F,F,F,F,F,F,F,F,F,F,F,F,F,F,F,F,F,F,F,F,F,F,W;W,F,F,F,F,F,F,F,F,F,F,F,F,F,F,F,F,F,F,F,F,F,F,F,F,F,F,F,F,F,F,W;W,F,F,F,F,F,F,F,F,F,F,F,F,F,F,F,F,F,F,F,F,F,F,F,F,F,F,F,F,F,F,W;W,F,F,dtd,df,F,F,F,F,F,F,F,F,F,F,F,F,F,F,F,F,dr1,dm,F,F,F,F,F,dtc,dr2,F,W;W,F,F,dn,dl,F,F,F,F,F,F,F,F,F,F,F,F,F,F,F,F,F,F,F,F,F,F,F,dl,F,F,W;W,W,W,W,W,W,W,W,W,W,W,W,W,W,W,W,DR5,W,W,W,W,W,W,W,W,W,W,W,W,W,W,W",0,0,Forest,,0.4,3,1,
ch1_normal_forest_03,Normal,32,32,"W,W,W,W,W,W,W,W,W,W,W,W,W,W,W,W,DR5,W,W,W,W,W,W,W,W,W,W,W,W,W,W,W;W,F,F,F,F,F,F,F,F,F,F,F,F,F,F,F,F,F,F,F,F,F,F,F,dr1,F,F,F,F,F,dtc,W;W,dtb,F,F,F,F,F,F,F,F,F,F,F,F,F,F,F,F,F,F,F,F,F,F,dl,df,F,F,F,F,dm,W;W,dtc,F,F,F,F,F,F,F,F,F,F,F,F,F,F,F,F,F,F,F,F,F,F,F,F,F,F,F,F,dl,W;W,dr1,F,F,W,W,F,F,F,F,F,F,F,F,F,F,F,F,F,F,F,F,F,F,F,F,F,F,F,F,F,W;W,F,F,F,W,W,F,F,F,F,F,F,dr1,dalt,dr2,F,F,F,F,F,F,F,F,F,F,F,F,F,F,F,F,W;W,F,F,F,F,F,F,W,W,F,F,F,F,dr2,F,F,F,F,F,F,F,F,F,F,F,F,F,F,F,F,F,W;W,F,F,F,F,F,F,W,W,F,F,F,F,F,F,F,F,F,F,F,F,F,F,F,F,F,F,F,F,F,F,W;W,F,F,F,F,F,F,F,F,F,F,F,F,F,F,F,F,F,F,F,F,F,mc3r2,F,F,F,F,F,F,F,F,W;W,F,F,F,F,F,dm,dr1,F,F,F,F,F,F,F,F,F,F,F,F,F,F,F,F,F,F,F,F,F,F,F,W;W,F,F,F,F,F,dr2,F,F,F,mc3r2,F,F,F,F,F,F,F,F,F,F,F,F,F,F,F,F,F,F,F,F,W;W,F,F,F,F,F,F,F,F,F,F,F,F,F,F,F,F,F,F,F,F,F,F,F,F,F,F,F,F,F,F,W;W,F,F,F,F,F,F,F,F,F,F,F,F,F,F,F,F,F,F,F,F,F,F,F,F,F,F,F,F,F,F,W;W,F,F,F,F,F,F,F,F,F,F,F,F,F,F,F,F,F,F,F,F,F,F,F,F,F,F,F,F,F,F,W;W,F,F,F,F,F,F,F,F,F,F,F,F,F,F,F,F,F,F,F,F,F,F,F,F,F,F,F,F,F,F,W;W,F,F,F,F,F,F,F,F,F,F,F,F,F,F,F,F,F,F,F,F,F,F,F,F,F,F,F,F,F,F,W;W,F,F,F,F,F,F,F,F,F,F,F,F,F,F,F,P,F,F,F,F,F,F,F,F,F,F,F,F,F,F,DR5;W,F,F,F,F,F,F,F,F,F,F,F,F,F,F,F,F,F,F,F,F,F,F,F,F,F,F,F,F,F,F,W;W,F,F,F,F,F,F,F,F,F,F,F,F,F,F,F,F,F,F,F,F,F,F,F,F,F,F,F,F,F,F,W;W,dtd,F,F,F,F,F,F,F,F,F,F,F,F,F,F,F,F,F,F,F,F,F,F,F,F,dl,F,F,F,F,W;W,dn,dr2,F,F,F,F,F,F,F,F,F,F,F,F,F,F,F,F,F,mc3r2,F,F,F,F,F,F,F,F,F,F,W;W,F,F,F,F,F,F,F,F,F,F,F,F,F,F,F,F,F,F,F,F,F,F,F,F,dp,dn,F,F,F,dr2,W;W,F,F,F,F,F,F,F,mc3r2,F,F,F,F,F,F,F,F,F,F,F,F,F,F,F,F,W,W,F,F,F,F,W;W,F,F,F,F,F,F,F,F,F,F,F,F,F,F,F,F,F,F,F,F,F,F,F,F,W,W,F,F,F,F,W;W,F,F,F,F,F,F,F,F,F,F,F,F,F,F,F,F,F,F,F,F,F,W,W,F,F,F,F,F,F,F,W;W,F,F,F,F,F,F,F,F,F,F,F,F,F,F,F,F,F,F,F,F,F,W,W,F,F,F,F,F,F,F,W;W,F,F,F,F,F,F,F,F,F,F,F,F,F,F,F,F,F,F,F,F,F,F,F,dtd,F,F,F,F,F,F,W;W,F,F,F,F,F,F,F,F,F,F,F,F,F,F,F,F,F,F,F,F,dl,dr1,dr1,dr1,F,F,F,F,F,F,W;W,F,F,F,F,F,F,F,F,F,F,F,F,F,F,F,F,F,F,F,F,F,F,F,F,F,F,F,F,F,F,W;W,F,F,F,F,F,F,F,F,F,F,F,F,F,F,F,F,F,F,F,F,F,F,F,F,F,dn,F,F,F,F,W;W,F,F,F,F,F,F,F,F,F,F,F,F,F,F,F,F,F,F,F,dtc,dl,dn,F,F,F,dtc,F,F,F,F,W;W,W,W,W,W,W,W,W,W,W,W,W,W,W,W,W,DR5,W,W,W,W,W,W,W,W,W,W,W,W,W,W,W",0,0,Forest,,0.4,3,1,
ch1_normal_forest_04,Normal,32,32,"W,W,W,W,W,W,W,W,W,W,W,W,W,W,W,W,DR5,W,W,W,W,W,W,W,W,W,W,W,W,W,W,W;W,F,F,F,F,F,F,F,F,F,F,F,F,F,F,F,F,F,F,F,F,F,F,F,F,F,F,F,F,F,F,W;W,F,F,F,F,dtd,dt,dm,dr1,F,F,F,dr2,F,F,F,F,F,F,F,F,F,F,F,F,F,F,F,F,F,F,W;W,F,F,F,F,F,F,dr2,F,F,F,dl,dl,F,F,F,F,F,F,F,F,F,F,F,F,F,F,F,F,F,F,W;W,dn,F,F,F,F,F,F,F,F,F,F,F,F,F,F,F,F,F,F,F,F,F,F,F,F,F,F,F,F,F,W;W,dt,F,F,F,F,F,F,F,F,F,F,F,F,F,F,F,F,F,F,F,F,F,F,F,F,F,F,F,F,F,W;W,dtd,F,F,F,F,F,F,F,F,F,F,F,F,F,F,F,F,F,F,F,F,F,F,F,F,F,F,F,F,F,W;W,dm,F,F,F,F,F,F,F,F,F,F,F,F,F,F,F,F,F,F,F,F,F,F,F,F,F,F,F,F,F,W;W,dt,F,F,F,F,mc3r2,F,F,F,F,F,F,F,F,F,F,F,F,F,F,F,F,F,mc3r2,F,F,F,F,F,F,W;W,dr1,F,F,F,F,F,F,F,F,F,F,F,F,F,F,F,F,F,F,F,F,F,F,F,F,F,F,F,F,F,W;W,df,F,F,F,F,F,F,F,F,F,F,F,F,F,F,F,F,F,F,F,F,F,F,F,F,F,F,F,F,F,W;W,dt,F,F,F,F,F,F,F,F,F,F,F,F,F,F,F,F,F,F,F,F,F,F,F,F,F,F,F,F,F,W;W,dr1,F,F,F,F,F,F,F,F,F,F,F,F,F,F,F,F,F,F,dm,F,F,F,F,F,F,F,F,dtb,dt,W;W,dl,F,F,F,F,F,F,W,W,F,F,F,F,F,F,F,F,F,dp,dtc,W,W,F,F,F,F,F,F,dtd,dp,W;W,F,F,F,F,F,F,F,W,W,F,dr2,F,F,F,F,F,F,F,F,F,W,W,F,F,F,F,F,F,F,F,W;W,F,F,F,F,F,F,F,W,W,F,dn,F,F,F,F,F,F,F,F,F,W,W,F,F,F,F,F,F,F,F,W;W,F,F,F,F,F,F,F,W,W,F,dr1,F,F,F,F,P,F,F,F,F,W,W,dp,F,F,F,F,F,F,F,DR5;W,F,F,F,F,F,F,F,F,F,F,F,F,F,F,F,F,F,F,F,F,F,F,dtc,F,F,F,F,F,F,F,W;W,dr1,dp,dr1,F,F,F,F,F,F,F,F,F,F,F,F,F,F,F,F,F,F,F,F,F,F,F,F,F,F,F,W;W,df,F,F,F,F,F,F,F,F,F,F,F,F,F,F,F,F,F,F,F,F,F,F,F,F,F,F,F,F,F,W;W,F,F,F,F,F,F,F,F,F,F,F,F,F,F,F,F,F,F,F,F,F,F,F,F,F,F,F,F,F,F,W;W,F,F,F,F,F,F,F,F,F,F,F,F,F,F,F,F,F,F,F,F,F,F,F,F,F,F,F,F,F,F,W;W,F,F,F,F,F,mc3r2,F,F,F,F,F,F,F,F,F,F,F,F,F,F,F,F,F,mc3r2,F,F,F,F,F,F,W;W,F,F,F,F,F,F,F,F,F,F,F,F,F,F,F,F,F,F,F,F,F,F,F,F,F,F,F,F,F,F,W;W,F,F,F,F,F,F,F,F,F,F,F,F,F,F,F,F,F,F,F,F,F,F,F,F,F,F,F,F,F,F,W;W,F,F,F,F,F,F,F,F,F,F,F,F,F,F,F,F,F,F,F,F,F,F,F,F,F,F,F,F,F,F,W;W,F,F,F,F,F,F,F,F,F,F,F,F,F,F,F,F,F,F,F,F,F,F,F,F,F,F,F,F,F,F,W;W,F,F,F,F,F,F,F,F,F,F,F,F,F,F,F,F,F,F,F,F,F,F,F,F,F,F,F,F,F,F,W;W,F,F,F,F,F,F,F,F,F,F,F,F,F,F,F,F,F,F,F,F,F,F,F,F,F,F,F,F,F,F,W;W,F,F,F,F,F,F,F,F,dtd,F,F,F,F,F,F,F,F,F,F,F,F,F,F,F,F,F,F,F,F,F,W;W,F,F,F,F,F,F,F,F,F,F,F,F,F,F,F,F,F,F,F,F,F,F,F,F,F,F,F,dl,F,dtd,W;W,W,W,W,W,W,W,W,W,W,W,W,W,W,W,W,DR5,W,W,W,W,W,W,W,W,W,W,W,W,W,W,W",0,0,Forest,,0.55,3,1,
ch1_shop_forest_01,Shop,30,37,"W,W,W,W,W,W,W,W,W,W,W,W,W,W,W,DR5,W,W,W,W,W,W,W,W,W,W,W,W,W,W;W,dl,dt,dp,F,F,F,F,F,F,F,F,F,F,F,F,F,F,F,F,F,F,F,F,F,F,F,dr1,F,W;W,F,F,F,F,F,F,F,F,F,F,F,F,F,F,F,F,F,F,F,F,F,F,F,F,F,F,F,F,W;W,dp,F,F,F,F,F,F,F,F,F,F,F,F,F,F,F,F,F,F,F,F,F,F,F,F,F,F,F,W;W,F,F,F,F,F,F,F,F,F,F,F,F,F,F,F,F,F,F,F,F,dm,dr1,F,F,F,F,F,F,W;W,F,F,F,F,F,F,F,F,F,F,F,F,F,F,F,F,F,F,F,F,F,F,F,F,F,F,F,F,W;W,F,F,F,W,W,W,F,F,W,W,W,F,F,F,F,W,W,W,F,F,W,W,W,F,F,F,F,F,W;W,dm,F,F,F,Sw,F,F,F,F,Si,F,F,F,F,F,F,Sw,F,F,F,F,Si,F,F,F,F,F,F,W;W,F,F,F,F,F,F,F,F,F,F,F,F,F,F,F,F,F,F,F,F,F,F,F,F,F,F,F,F,W;W,F,F,F,F,F,F,F,F,F,F,F,F,F,F,F,F,F,F,F,F,F,F,F,F,F,F,dr2,F,W;W,dm,F,F,F,F,F,F,F,F,F,F,F,F,F,P,F,F,F,F,F,F,F,F,F,df,F,F,df,W;W,F,F,dr2,F,F,F,F,F,F,F,F,F,F,F,F,F,F,F,F,F,F,F,F,F,F,F,F,F,W;W,F,F,F,F,F,F,F,F,F,F,F,F,F,F,F,F,F,F,F,F,F,F,F,F,F,F,F,F,W;W,F,F,F,F,F,F,F,F,F,F,F,F,F,F,F,F,F,F,F,F,dr2,dr2,F,F,F,F,F,F,W;W,F,F,F,F,F,F,F,F,F,F,F,F,F,F,F,F,F,F,F,F,F,F,F,F,F,F,F,F,W;W,F,F,F,F,F,F,F,F,F,F,F,F,F,F,F,F,F,F,F,F,F,F,F,F,F,F,F,F,W;W,F,F,F,F,F,F,F,F,F,F,F,F,F,F,F,F,F,F,F,F,F,F,F,F,F,F,F,F,W;W,F,F,F,F,F,F,F,F,F,F,F,F,F,F,F,F,F,F,F,F,F,F,F,F,F,F,F,F,W;W,F,F,F,F,F,F,F,F,F,F,F,F,F,F,F,F,F,F,F,F,F,F,F,F,F,F,F,F,W;W,F,F,F,F,F,F,F,F,F,F,F,F,F,F,F,F,F,F,F,F,F,F,F,F,F,F,F,F,W;W,F,F,F,F,F,F,F,F,F,F,F,F,F,F,F,F,F,F,F,F,F,F,F,F,F,F,F,F,W;W,F,F,F,F,F,F,F,F,F,F,F,F,F,F,F,F,F,F,F,F,F,F,F,F,F,F,F,F,W;W,F,F,F,F,F,F,F,F,F,F,F,F,F,F,F,F,F,F,F,F,F,F,F,F,F,F,F,F,W;W,F,F,F,F,F,F,F,F,F,F,F,F,F,F,F,F,F,F,F,F,F,F,F,F,F,F,F,F,W;W,F,F,F,F,dr1,F,F,F,F,F,F,F,F,F,F,F,F,F,F,F,F,F,F,F,F,F,F,F,W;W,F,F,F,F,F,F,F,F,F,F,F,F,F,F,F,F,F,F,F,F,F,F,F,F,F,F,F,dr2,W;W,F,F,F,F,F,F,F,F,F,F,F,F,F,F,F,F,F,F,dr2,F,F,F,F,dt,F,dp,F,F,W;W,F,F,F,F,F,F,F,F,F,F,F,F,df,F,dm,F,F,F,F,F,F,F,F,F,F,F,df,F,W;W,F,F,F,F,F,F,F,F,F,F,F,F,F,F,F,F,F,F,F,F,F,F,F,F,F,F,F,F,W;W,F,F,F,F,F,F,F,F,F,F,F,F,F,F,F,F,F,F,F,F,F,F,F,F,F,F,F,F,W;W,F,F,F,F,F,F,F,F,F,F,F,F,F,F,F,F,F,F,F,F,F,F,F,F,F,F,F,dm,W;W,df,F,F,F,F,F,F,F,F,F,F,dr1,F,F,df,F,F,F,F,F,F,F,F,F,F,F,F,F,W;W,F,F,F,dr1,F,dn,F,F,F,F,F,F,F,F,F,F,F,F,dr1,F,F,F,F,F,F,F,F,F,W;W,F,F,F,F,F,dt,F,F,dm,F,F,F,F,F,F,F,F,dt,dt,F,F,F,F,F,F,dt,F,F,W;W,F,F,F,F,F,dl,dp,F,dp,F,F,F,F,F,F,F,F,F,dn,dl,F,F,F,dn,F,F,F,F,W;W,F,F,F,F,F,F,F,F,dr1,F,F,F,F,F,dm,F,F,F,F,F,F,F,F,F,F,F,F,F,W;W,W,W,W,W,W,W,W,W,W,W,W,W,W,W,DR5,W,W,W,W,W,W,W,W,W,W,W,W,W,W",0,0,Forest,,0.0,0,1,
ch1_normal_forest_05,Normal,34,36,"W,W,W,W,W,W,W,W,W,W,W,W,W,W,W,W,W,DR5,W,W,W,W,W,W,W,W,W,W,W,W,W,W,W,W;W,dt,dm,dl,F,F,F,F,F,F,F,F,F,F,F,F,F,F,F,F,F,F,F,F,F,F,F,F,F,F,F,F,F,W;W,dm,dl,F,F,F,F,F,F,F,F,F,F,F,F,F,F,F,F,F,F,F,F,F,F,F,F,F,F,F,F,F,F,W;W,dn,F,F,F,F,F,F,F,F,F,F,F,F,F,W,W,F,F,F,F,F,F,F,F,F,F,F,F,F,F,F,F,W;W,F,F,F,F,F,F,F,F,F,F,F,F,F,F,W,W,F,F,F,F,F,F,F,F,F,F,F,F,F,F,F,F,W;W,F,F,F,F,F,F,F,F,F,F,F,F,F,F,F,F,F,F,F,F,F,F,F,F,F,F,F,F,F,F,F,F,W;W,F,F,F,F,F,F,F,F,F,F,F,F,F,F,F,F,F,F,F,F,F,F,F,F,F,F,F,F,F,F,F,F,W;W,F,F,F,F,F,F,F,F,F,F,F,F,F,F,F,F,F,F,F,F,F,F,F,F,F,F,F,F,F,F,F,F,W;W,F,F,F,F,F,F,F,F,F,F,F,F,F,F,F,F,F,F,F,F,F,F,F,F,F,F,F,F,F,F,F,F,W;W,F,F,F,F,F,F,F,mc3r2,F,F,F,F,F,F,F,F,F,F,F,F,F,F,F,F,mc3r2,F,F,F,F,F,F,F,W;W,F,F,F,F,F,F,F,F,F,F,F,F,F,F,F,F,F,F,F,F,F,F,F,F,F,F,F,F,F,F,F,F,W;W,F,F,F,F,F,F,F,F,F,F,F,F,F,F,F,F,F,F,F,F,F,F,F,F,F,F,F,F,F,F,F,F,W;W,F,F,F,F,F,F,F,F,F,F,F,F,F,F,F,F,F,F,F,F,F,F,F,F,F,F,F,F,F,F,F,F,W;W,F,F,F,F,F,F,F,F,F,F,F,F,F,F,F,F,F,F,F,F,F,F,F,F,F,F,dl,dp,dt,F,F,F,W;W,F,F,F,F,F,F,F,F,F,F,F,F,F,F,F,F,F,F,F,F,F,F,F,F,F,F,F,dn,dt,F,F,F,W;W,F,F,W,W,dn,F,F,F,F,F,F,F,F,F,F,F,F,F,F,F,F,F,F,F,F,F,F,F,W,W,F,F,W;W,F,F,W,W,dl,F,F,F,F,dr1,dalt,df,F,F,W,W,W,F,F,F,F,F,F,F,F,F,F,F,W,W,F,F,W;W,F,F,F,F,F,F,F,F,F,F,dp,F,F,F,W,W,W,F,F,F,F,F,F,F,F,F,F,F,dtd,F,F,F,W;W,F,F,F,F,F,F,F,F,F,F,F,F,F,F,W,W,W,P,F,F,F,F,F,F,F,F,F,F,dr2,F,F,F,DR5;W,F,F,F,F,F,F,F,F,F,F,F,F,F,F,F,F,F,F,F,F,F,F,F,F,F,F,F,dn,dp,F,F,F,W;W,F,F,F,F,F,F,F,F,F,F,F,F,F,F,F,F,F,F,F,F,F,F,F,F,F,F,F,F,F,F,F,F,W;W,F,F,F,F,F,F,F,F,F,F,F,F,F,F,F,F,F,F,F,F,F,F,F,F,F,F,F,F,F,F,F,F,W;W,F,F,F,F,F,F,F,F,F,F,F,F,F,F,F,F,F,F,F,F,F,F,F,F,F,F,F,F,F,F,F,dr2,W;W,F,F,F,F,F,F,F,F,F,F,F,F,F,F,F,F,F,F,F,F,F,F,F,F,F,F,F,F,F,F,dtc,dn,W;W,F,F,F,F,F,F,F,F,F,F,F,F,F,F,F,F,F,F,F,F,F,F,F,F,F,F,F,F,F,F,dt,dtd,W;W,F,F,F,F,F,F,F,mc3r2,F,F,F,F,F,F,F,F,F,F,F,F,F,F,F,F,mc3r2,F,F,F,F,F,F,F,W;W,F,F,F,F,F,F,F,F,F,F,F,F,F,F,F,F,F,F,F,F,F,F,F,F,F,F,F,F,F,F,F,F,W;W,F,F,F,F,F,F,F,F,F,F,F,F,F,F,F,F,F,F,F,F,F,F,F,F,F,F,F,F,F,F,F,F,W;W,F,F,F,F,F,F,F,F,F,F,F,F,F,F,F,F,F,F,F,F,F,F,F,F,F,F,F,F,F,F,dtc,dn,W;W,F,F,F,F,F,F,F,F,F,F,F,F,F,F,W,W,F,F,F,F,F,F,F,F,F,F,F,F,F,F,dr1,dtb,W;W,F,F,F,F,F,F,F,F,F,F,F,F,F,F,W,W,F,F,F,F,F,F,F,F,F,F,F,df,F,F,F,F,W;W,F,F,F,F,F,F,F,F,F,F,F,F,F,F,F,F,F,F,F,F,F,F,F,F,F,F,F,F,F,F,F,F,W;W,F,F,F,F,F,F,F,F,F,F,F,F,F,F,F,F,F,F,F,F,F,F,F,F,F,F,F,F,F,F,F,F,W;W,F,F,F,F,F,F,F,F,F,F,F,F,F,F,F,F,F,F,F,F,F,F,df,dr2,F,dm,F,F,F,F,F,F,W;W,F,F,F,F,F,F,F,F,F,F,F,F,F,F,F,F,F,F,F,F,F,F,F,F,F,F,F,F,F,F,F,F,W;W,W,W,W,W,W,W,W,W,W,W,W,W,W,W,W,W,DR5,W,W,W,W,W,W,W,W,W,W,W,W,W,W,W,W",0,0,Forest,,0.55,3,1,
ch1_shop_forest_02,Shop,30,37,"W,W,W,W,W,W,W,W,W,W,W,W,W,W,W,DR5,W,W,W,W,W,W,W,W,W,W,W,W,W,W;W,F,F,df,F,F,F,F,F,dm,F,F,F,F,F,dl,F,F,F,dn,F,F,F,F,F,F,F,F,F,W;W,F,F,F,F,F,F,F,F,F,F,F,F,F,F,F,F,F,F,F,F,F,F,F,F,F,F,F,F,W;W,F,F,W,W,W,F,F,F,W,W,W,F,F,W,W,W,F,F,F,F,F,F,F,F,F,F,F,F,W;W,F,F,F,Sw,F,F,F,F,F,Si,F,F,F,F,Sw,F,F,F,F,F,F,F,F,F,F,F,F,F,W;W,F,F,F,F,F,F,F,F,F,F,F,F,F,F,F,F,F,W,W,W,W,W,W,W,W,F,F,F,W;W,F,F,F,F,F,F,F,F,F,F,F,F,F,F,F,F,F,W,F,F,F,F,F,F,F,dt,F,F,W;W,F,F,F,F,F,F,F,F,F,F,F,F,F,F,F,F,F,W,F,F,F,F,F,F,F,dt,F,dt,W;W,F,F,F,F,F,F,F,F,F,F,F,F,F,F,F,F,F,W,F,F,F,F,F,F,dp,F,dn,F,W;W,F,F,F,F,F,F,F,F,F,F,F,F,F,F,F,F,F,W,F,F,F,F,F,F,F,F,F,F,W;W,F,F,F,F,F,F,F,F,F,F,F,F,F,F,P,F,F,F,F,F,F,F,F,F,F,F,F,F,W;W,F,F,F,F,F,F,F,dm,F,F,F,F,F,F,F,F,F,F,F,F,F,F,F,F,F,F,F,F,W;W,F,F,F,F,F,F,F,F,F,F,F,F,F,F,F,F,F,F,F,F,F,F,F,F,F,F,F,F,W;W,dm,dn,F,F,F,F,F,F,F,F,F,F,F,F,F,F,F,F,F,F,F,F,dr1,F,F,F,F,F,W;W,F,F,F,F,F,F,F,F,F,F,F,F,F,F,F,F,F,F,F,F,F,F,F,F,F,F,F,F,W;W,F,F,F,F,F,F,F,F,F,F,F,F,F,F,F,F,F,F,F,F,F,F,F,F,F,F,F,F,W;W,F,dt,F,dt,F,F,F,F,F,F,F,F,F,F,F,F,F,F,F,F,F,F,F,F,F,F,F,F,W;W,F,F,F,F,F,F,F,F,F,F,F,F,F,F,F,F,F,F,F,F,F,F,F,F,F,F,F,F,W;W,F,F,F,F,F,F,F,F,F,F,F,F,F,F,F,F,F,F,F,F,F,F,F,F,F,F,F,F,W;W,F,F,F,F,F,F,F,F,F,F,F,F,F,F,F,F,F,F,F,F,F,F,df,F,F,F,dr1,F,W;W,F,F,F,F,F,F,F,F,F,F,F,F,F,F,F,F,F,F,F,F,F,F,F,dm,F,F,F,F,W;W,F,F,dt,F,F,F,F,F,F,F,F,F,F,F,F,F,F,F,F,F,F,F,F,F,F,F,dr1,dm,W;W,F,F,dp,F,F,F,F,F,F,F,F,F,F,F,F,F,F,F,F,F,F,F,F,F,F,F,F,F,W;W,F,F,dn,F,F,F,F,F,dm,F,F,F,F,F,F,F,F,dm,F,F,F,F,F,F,F,F,F,F,W;W,F,F,F,F,dr2,F,F,F,F,F,F,F,F,F,F,F,F,F,F,F,F,F,F,F,F,F,F,F,W;W,F,F,F,F,F,F,F,F,F,F,F,F,F,F,F,F,F,F,F,F,F,F,F,F,F,F,F,F,W;W,F,F,F,F,F,F,F,F,F,F,F,dr2,F,F,F,F,F,F,F,F,F,F,F,F,F,F,F,F,W;W,F,F,F,F,F,F,F,F,F,F,F,F,F,F,F,F,F,F,F,F,F,F,F,F,F,F,F,F,W;W,F,F,F,F,F,F,F,F,F,F,F,F,F,F,F,F,F,F,F,F,F,F,F,F,F,F,F,F,W;W,F,F,F,F,F,dr1,F,F,F,F,F,F,dm,F,F,F,F,F,F,F,F,dr2,F,F,F,F,F,F,W;W,F,F,F,F,F,F,F,F,F,F,F,F,F,F,F,F,F,F,F,F,F,F,dr2,F,F,F,F,dm,W;W,F,F,dr2,F,F,F,F,F,F,F,F,F,F,F,F,F,F,F,F,F,F,F,F,F,F,F,F,F,W;W,F,F,F,F,dm,F,F,F,F,F,F,F,F,F,F,F,F,F,F,F,F,F,F,F,F,F,F,F,W;W,F,F,F,F,F,F,F,dt,F,F,F,dt,F,F,F,F,F,F,F,dr2,F,F,F,F,F,F,F,F,W;W,F,F,F,dp,F,F,F,F,F,F,F,F,dr2,F,F,F,F,F,F,F,F,F,F,F,F,F,F,F,W;W,F,F,F,F,F,F,F,dn,F,F,F,F,F,dt,F,F,F,F,F,F,F,F,F,F,F,F,F,F,W;W,W,W,W,W,W,W,W,W,W,W,W,W,W,W,DR5,W,W,W,W,W,W,W,W,W,W,W,W,W,W",0,0,Forest,,0.0,0,1,
ch1_normal_forest_06,Normal,32,32,"W,W,W,W,W,W,W,W,W,W,W,W,W,W,W,W,DR5,W,W,W,W,W,W,W,W,W,W,W,W,W,W,W;W,F,dt,dm,dl,dtb,dr1,dl,F,F,F,F,F,F,F,F,F,F,F,F,F,F,F,df,F,F,F,F,F,F,F,W;W,F,F,F,F,F,F,F,F,F,F,F,F,F,F,F,F,F,F,F,F,F,F,F,F,F,F,F,F,F,F,W;W,F,F,F,F,F,F,F,F,F,F,F,F,F,F,F,F,F,F,F,F,F,F,F,F,F,F,F,F,F,F,W;W,F,F,F,F,F,F,F,F,F,F,F,F,F,F,F,F,F,F,F,F,F,F,F,F,F,F,F,F,F,F,W;W,F,F,F,F,F,F,F,F,F,F,F,F,F,F,F,F,F,F,F,F,F,F,F,F,F,F,F,F,F,F,W;W,F,F,F,F,F,F,F,F,F,F,F,F,F,F,F,F,F,F,F,F,F,F,F,F,F,F,F,F,F,F,W;W,F,F,F,F,F,F,mc3r2,F,F,F,F,F,F,F,F,F,F,F,F,F,F,F,mc3r2,F,F,F,F,F,F,F,W;W,F,dr1,F,F,F,F,F,F,F,F,F,F,F,F,F,F,F,F,F,F,F,F,F,F,F,F,F,F,F,F,W;W,F,dr2,F,F,F,F,F,F,F,F,F,F,F,F,F,F,F,F,F,F,F,F,F,F,F,F,F,F,F,F,W;W,F,F,F,F,F,F,F,F,F,F,F,F,F,F,F,F,F,F,F,F,F,F,F,F,F,F,F,F,F,F,W;W,F,F,F,F,F,F,F,F,F,F,F,F,F,F,F,F,F,F,F,F,F,F,F,F,F,F,F,F,F,F,W;W,F,F,F,F,F,F,F,F,F,F,F,F,F,F,F,F,F,F,F,F,F,F,F,F,F,F,F,F,F,F,W;W,F,F,F,F,F,F,F,F,F,F,F,F,F,F,F,F,F,F,F,F,F,F,F,F,F,F,F,F,F,F,W;W,F,F,dm,F,W,W,F,F,F,F,F,F,F,W,W,F,F,F,F,F,F,F,W,W,F,F,F,F,F,F,W;W,F,F,dr2,F,W,W,F,F,F,F,F,F,F,W,W,F,F,F,F,F,F,F,W,W,F,F,F,F,F,F,W;W,F,F,dl,F,W,W,F,F,F,F,F,F,F,W,W,P,F,F,dm,dl,F,F,W,W,F,F,F,F,F,F,DR5;W,F,F,F,F,F,F,F,F,F,F,F,F,F,F,F,F,F,F,dm,dsta,df,F,F,F,F,F,F,F,F,F,W;W,F,F,F,F,F,F,F,F,F,F,F,F,F,F,F,F,F,F,F,dm,F,F,F,F,F,F,F,F,F,F,W;W,F,F,F,F,F,F,F,F,F,F,F,F,F,F,F,F,F,F,F,F,F,F,F,F,F,F,F,F,F,F,W;W,F,df,F,F,F,F,F,F,F,F,F,F,F,F,F,F,F,F,F,F,F,F,F,F,F,F,F,F,F,F,W;W,df,df,F,F,F,F,F,F,F,F,F,F,F,F,F,F,F,F,F,F,F,F,F,F,F,F,F,F,F,F,W;W,dm,F,F,F,F,F,mc3r2,F,F,F,F,F,F,F,F,F,F,F,F,F,F,F,mc3r2,F,F,F,F,F,F,F,W;W,dt,F,F,F,F,F,F,F,F,F,F,F,F,F,F,F,F,F,F,F,F,F,F,F,F,F,F,F,F,F,W;W,F,F,F,F,F,F,F,F,F,F,F,F,F,F,F,F,F,F,F,F,F,F,F,F,F,F,F,F,F,F,W;W,F,F,F,F,F,F,F,F,F,F,F,F,F,F,F,F,F,F,F,F,F,F,F,F,F,F,F,F,F,F,W;W,F,F,F,F,F,F,F,F,F,F,F,F,F,F,F,F,F,F,F,F,F,F,F,F,F,F,F,F,F,F,W;W,F,F,F,F,F,F,F,F,F,F,F,F,F,F,F,F,F,F,F,F,F,F,F,F,F,F,F,F,dtb,F,W;W,F,F,F,F,F,F,F,F,F,F,F,F,dp,F,F,F,F,F,F,F,F,F,F,F,F,F,F,F,dl,F,W;W,F,F,F,F,dr2,dm,F,F,F,F,F,F,dt,F,F,F,F,F,F,F,F,F,F,F,F,F,F,F,F,F,W;W,dtc,dr2,dn,F,F,F,F,F,F,F,F,F,F,F,F,F,F,F,F,F,F,F,F,F,F,F,F,F,F,F,W;W,W,W,W,W,W,W,W,W,W,W,W,W,W,W,W,DR5,W,W,W,W,W,W,W,W,W,W,W,W,W,W,W",0,0,Forest,,0.55,3,1,
ch1_normal_forest_07,Normal,36,35,"W,W,W,W,W,W,W,W,W,W,W,W,W,W,W,W,W,W,DR5,W,W,W,W,W,W,W,W,W,W,W,W,W,W,W,W,W;W,dtb,dr1,dp,F,F,F,F,F,F,F,F,F,F,F,F,F,F,F,F,F,F,F,F,F,F,F,F,dr2,dr1,F,F,F,F,dtc,W;W,dr1,df,F,F,F,F,F,F,F,F,F,F,F,F,F,F,F,F,F,F,F,F,F,F,F,dn,dtb,F,df,F,F,F,F,dr1,W;W,dp,F,F,F,F,F,F,F,F,F,F,F,F,F,F,F,F,F,F,F,F,F,F,F,F,dl,dm,dl,F,F,F,F,F,df,W;W,F,F,F,F,W,W,F,F,F,F,F,F,F,F,F,F,F,F,F,F,F,F,F,F,F,F,F,F,W,W,F,F,F,F,W;W,F,F,F,F,W,W,F,F,F,F,F,F,F,F,F,F,F,F,F,F,F,F,F,F,F,F,F,F,W,W,F,F,F,F,W;W,F,F,F,F,F,F,F,F,F,F,F,F,F,F,F,F,F,F,F,F,F,F,F,F,F,F,F,F,F,dtb,dm,F,F,F,W;W,F,F,F,F,F,F,F,mc4r3,F,F,F,F,F,F,F,F,F,F,F,F,F,F,F,F,F,mc4r3,F,F,F,F,dn,F,F,F,W;W,F,F,F,F,F,F,F,F,F,F,F,F,F,F,F,F,F,F,F,F,F,F,F,F,F,F,F,F,F,F,F,F,F,F,W;W,F,F,F,F,dn,F,F,F,F,F,F,F,F,F,F,W,W,F,F,F,F,F,F,F,F,F,F,F,F,F,F,F,F,F,W;W,F,df,F,F,dp,F,F,F,F,F,F,F,F,F,F,W,W,F,F,F,F,F,F,F,F,F,F,F,F,F,F,F,F,F,W;W,F,dm,F,F,F,F,F,F,F,F,F,F,F,F,F,F,F,F,F,F,F,F,F,F,F,F,F,F,F,F,F,F,F,F,W;W,F,F,F,F,F,F,F,F,F,F,F,F,F,F,F,F,F,F,F,F,F,F,F,F,F,F,F,F,F,F,F,F,F,F,W;W,F,F,F,F,F,F,F,F,F,F,F,F,F,dr1,dr2,F,F,F,F,F,F,F,F,F,F,F,F,F,F,F,F,F,F,F,W;W,F,F,F,F,F,F,F,F,F,F,F,F,F,dr1,dsta,F,F,F,F,F,F,F,F,F,F,F,F,F,F,F,F,F,F,F,W;W,F,F,F,F,F,F,F,F,F,W,W,F,F,F,dn,F,F,F,F,F,F,F,F,W,W,F,F,F,F,F,F,F,F,F,W;W,F,F,F,mc4r3,F,F,F,F,F,W,W,F,F,F,F,F,F,F,F,F,F,F,F,W,W,F,F,F,F,mc4r3,F,F,F,F,W;W,F,F,F,F,F,F,F,F,F,F,F,F,F,F,F,F,F,P,F,F,F,F,F,F,F,F,F,F,F,F,F,F,F,F,DR5;W,F,F,F,F,F,F,F,F,F,F,F,F,F,F,F,F,F,F,F,F,F,F,F,F,F,F,F,F,F,F,F,F,F,F,W;W,F,F,F,F,F,F,F,F,F,F,F,F,F,F,F,F,F,F,F,F,F,F,F,F,F,F,F,F,F,F,F,F,F,F,W;W,F,F,F,F,F,F,F,F,F,F,F,F,F,F,F,F,F,F,F,F,F,F,F,F,F,F,F,F,F,F,F,F,F,F,W;W,F,F,F,F,F,F,F,F,F,F,F,F,F,F,F,F,F,F,F,F,F,F,F,F,F,F,F,F,F,F,F,F,F,F,W;W,F,F,F,F,F,F,F,F,F,F,F,F,F,F,F,F,F,F,F,F,F,F,F,F,F,F,F,F,F,F,F,F,F,F,W;W,F,F,F,F,F,F,F,F,F,F,F,F,F,F,F,W,W,dr2,dp,F,F,F,F,F,F,F,F,F,F,F,F,F,F,F,W;W,F,F,F,F,F,F,F,F,F,F,F,F,F,F,F,W,W,F,F,F,F,F,F,F,F,F,F,F,F,F,F,F,F,F,W;W,F,F,F,F,F,F,F,mc4r3,F,F,F,F,F,F,F,F,F,F,F,F,F,F,F,F,F,mc4r3,F,F,F,F,F,F,F,F,W;W,F,F,F,F,F,F,F,F,F,F,F,F,F,F,F,F,F,F,F,F,F,F,F,F,F,F,F,F,F,F,F,F,F,F,W;W,F,F,F,F,F,F,F,F,F,F,F,F,F,F,F,F,F,F,F,F,F,F,F,F,F,F,F,F,F,F,F,F,F,F,W;W,F,F,F,F,W,W,F,F,F,F,F,F,F,F,F,F,F,F,F,F,F,F,F,F,F,F,F,F,W,W,F,F,F,F,W;W,F,F,F,F,W,W,F,F,F,F,F,F,F,F,F,F,F,F,F,F,F,F,F,F,F,F,F,F,W,W,F,F,F,F,W;W,F,F,F,F,F,F,F,F,F,F,F,F,F,F,F,F,F,F,F,F,F,F,F,F,F,F,F,F,F,F,F,F,F,F,W;W,F,F,F,F,F,F,F,F,F,F,F,F,F,F,F,F,F,F,F,F,F,F,F,F,F,F,F,F,F,F,F,F,F,F,W;W,F,F,F,F,F,F,F,F,F,F,F,F,F,F,F,F,F,F,F,F,F,F,F,F,F,F,F,F,F,F,F,F,F,F,W;W,dr2,dl,F,F,F,F,F,F,F,F,F,F,F,F,F,F,F,F,F,F,F,F,F,F,F,F,F,F,F,F,F,F,F,F,W;W,W,W,W,W,W,W,W,W,W,W,W,W,W,W,W,W,W,DR5,W,W,W,W,W,W,W,W,W,W,W,W,W,W,W,W,W",0,0,Forest,,0.7,4,1,
ch1_normal_forest_08,Normal,36,35,"W,W,W,W,W,W,W,W,W,W,W,W,W,W,W,W,W,W,DR5,W,W,W,W,W,W,W,W,W,W,W,W,W,W,W,W,W;W,dt,dr2,dn,F,F,F,F,F,F,F,F,F,F,F,dtc,F,F,F,F,F,F,F,F,F,F,F,F,F,F,F,F,F,dp,F,W;W,dr1,dl,F,F,F,F,F,F,F,F,F,F,F,F,dtb,F,F,F,F,F,F,F,F,F,F,F,F,F,F,F,F,dn,F,F,W;W,dl,F,F,F,F,F,F,F,F,F,F,F,F,F,dn,F,F,F,F,F,F,F,F,F,F,F,F,F,df,F,F,F,dr2,F,W;W,F,F,F,F,F,F,F,F,F,F,F,F,F,F,dl,dr2,F,F,F,F,F,F,F,F,F,F,F,F,F,F,F,F,F,F,W;W,F,F,F,F,F,F,F,F,F,F,F,F,F,F,F,F,F,F,F,F,F,F,F,F,F,F,F,F,F,F,F,F,F,F,W;W,F,F,F,F,F,F,F,F,F,F,F,F,F,F,F,F,F,F,F,F,F,F,F,F,F,F,F,F,F,F,F,F,F,F,W;W,F,dt,dr1,F,F,F,F,F,F,F,F,F,F,F,F,F,F,F,F,F,F,F,F,F,F,F,F,F,F,F,F,F,F,F,W;W,F,F,F,F,F,F,F,mc4r3,F,F,F,F,F,F,F,F,F,F,F,F,F,F,F,F,F,mc4r3,F,F,F,F,F,F,F,F,W;W,F,F,F,F,F,F,F,F,F,F,F,F,F,F,F,F,F,mc4r3,F,F,F,F,F,F,F,F,F,F,F,F,F,F,F,F,W;W,F,F,F,F,F,F,F,F,F,F,F,F,F,F,F,F,F,F,F,F,F,F,F,F,F,F,F,F,F,F,F,F,F,F,W;W,dn,F,F,F,F,F,F,F,F,F,F,F,F,F,F,F,F,F,F,F,F,F,F,F,F,F,F,F,F,F,F,F,F,F,W;W,dl,F,F,F,F,F,F,F,F,F,F,F,F,F,F,F,F,F,F,F,F,F,F,F,F,F,F,F,F,F,F,F,F,F,W;W,F,F,F,F,F,F,F,F,F,F,F,F,F,F,F,F,F,dr1,dt,F,F,F,F,F,F,F,F,F,F,F,F,F,F,F,W;W,F,F,F,F,F,F,F,F,F,F,F,F,F,F,F,F,F,F,dtd,F,F,F,F,F,F,F,F,F,F,F,F,F,F,F,W;W,F,F,F,F,F,F,F,F,F,F,F,F,F,F,W,W,W,W,W,F,F,F,F,F,F,F,F,F,F,F,F,F,F,F,W;W,F,F,F,F,F,F,F,F,F,F,F,F,F,F,W,W,W,W,W,F,F,F,F,F,F,F,F,F,F,F,F,F,F,F,W;W,F,F,F,F,F,F,F,F,F,F,F,F,F,F,W,W,W,W,W,F,F,F,F,F,F,F,F,F,F,F,F,F,F,F,DR5;W,F,F,F,F,F,F,F,F,F,F,F,F,F,F,W,W,W,P,W,F,F,F,F,F,F,F,F,F,F,F,F,F,F,F,W;W,F,F,F,F,F,F,F,F,F,F,F,F,F,dtd,W,W,W,F,W,F,F,F,F,F,F,F,F,F,F,F,F,F,F,F,W;W,F,F,F,F,F,F,F,F,F,F,F,F,F,dr1,F,F,F,F,F,F,F,F,F,F,F,F,F,F,F,F,F,F,F,F,W;W,F,df,F,F,F,F,F,F,F,F,F,F,F,df,dr1,F,F,F,F,F,F,F,F,F,F,F,F,F,F,F,F,F,F,F,W;W,F,F,dalt,dr2,F,F,F,F,F,F,F,F,F,F,dp,F,F,F,F,F,F,F,F,F,F,F,F,F,F,F,F,F,F,F,W;W,F,F,F,dl,F,F,F,F,F,F,F,F,F,F,F,F,F,F,F,F,F,F,F,F,F,F,F,F,F,F,F,F,F,F,W;W,dn,F,F,F,F,F,F,F,F,F,F,F,F,F,F,F,F,F,F,F,F,F,F,F,F,F,F,F,F,F,F,F,F,dn,W;W,dtd,F,F,F,F,F,F,F,F,F,F,F,F,F,F,F,F,mc4r3,F,F,F,F,F,F,F,F,F,F,F,F,F,F,F,dtb,W;W,F,F,F,F,F,F,F,mc4r3,F,F,F,F,F,F,F,F,F,F,F,F,F,F,F,F,F,mc4r3,F,F,F,F,F,F,F,dl,W;W,F,dtc,dp,F,F,F,F,F,F,F,F,F,F,F,F,F,F,F,F,F,F,F,F,F,F,F,F,F,F,F,F,F,F,dtb,W;W,dtb,dl,F,F,F,F,F,F,F,F,F,F,F,F,F,F,F,F,F,F,F,F,F,F,F,F,F,F,F,F,F,F,F,F,W;W,F,F,F,F,F,F,F,F,F,F,F,F,F,F,F,F,F,F,F,F,F,F,F,F,F,F,F,F,F,F,F,F,F,F,W;W,F,F,F,F,F,F,F,F,F,F,F,F,F,F,F,F,F,F,F,F,F,F,F,df,F,F,F,F,F,F,F,F,F,F,W;W,F,F,F,F,F,F,F,F,F,F,F,F,F,F,F,F,F,F,F,F,F,F,F,dp,F,F,F,F,F,F,F,F,F,F,W;W,F,F,F,F,F,F,F,F,F,F,F,F,F,F,df,F,F,F,F,F,F,F,F,dtd,dtc,F,F,F,F,F,F,F,F,F,W;W,dtd,dr1,dp,F,F,F,F,F,F,F,F,F,F,F,dr2,F,F,F,F,F,F,F,F,F,F,F,F,F,F,dtc,F,F,F,F,W;W,W,W,W,W,W,W,W,W,W,W,W,W,W,W,W,W,W,DR5,W,W,W,W,W,W,W,W,W,W,W,W,W,W,W,W,W",0,0,Forest,,0.7,4,1,
ch1_normal_forest_09,Normal,36,35,"W,W,W,W,W,W,W,W,W,W,W,W,W,W,W,W,W,W,DR5,W,W,W,W,W,W,W,W,W,W,W,W,W,W,W,W,W;W,F,F,F,F,dtd,F,F,F,F,F,F,F,dr1,F,F,F,F,F,F,F,F,F,F,F,F,dl,dtd,F,F,F,dn,dp,F,F,W;W,F,F,F,F,dtb,F,F,F,F,F,F,F,F,F,F,F,F,F,F,F,F,dtb,F,F,F,dr1,dp,dn,F,dr2,dn,dr2,F,dm,W;W,F,F,F,F,F,F,F,F,F,F,F,F,F,F,F,F,F,F,F,F,F,F,F,F,F,F,F,F,F,dn,F,F,F,dt,W;W,F,F,F,F,F,F,F,F,F,F,F,F,F,F,F,F,F,F,F,F,F,F,F,F,F,F,F,F,F,F,F,F,dr1,dp,W;W,F,F,F,F,W,W,W,W,F,F,F,F,F,F,F,F,F,F,F,F,F,F,F,F,F,F,F,F,F,F,F,F,F,F,W;W,F,F,F,F,W,W,W,W,F,F,F,F,F,F,F,F,F,F,F,F,F,F,F,F,F,F,F,F,F,F,F,F,F,F,W;W,F,F,F,F,F,F,F,F,F,dr2,dn,F,F,F,F,F,F,F,F,F,F,F,F,F,F,F,F,F,F,F,F,F,F,F,W;W,F,F,F,F,F,F,F,F,F,dl,dalt,F,F,F,F,F,F,F,F,F,F,F,F,F,F,mc4r3,F,F,F,F,F,F,F,F,W;W,F,F,F,F,F,F,F,F,F,F,dr2,df,F,F,F,F,F,F,F,F,F,F,F,F,F,F,F,F,F,F,F,F,F,F,W;W,F,F,F,F,F,F,F,F,F,F,F,F,F,F,F,F,F,F,F,F,F,F,F,F,F,F,F,F,F,F,F,F,F,F,W;W,F,F,F,F,F,F,F,F,F,F,F,F,F,F,F,F,F,F,F,F,F,F,F,F,F,F,F,F,F,F,F,F,F,F,W;W,F,F,F,F,F,F,F,F,F,F,F,F,F,F,F,F,F,F,F,F,F,F,F,F,F,F,F,F,F,F,F,F,F,F,W;W,F,F,F,F,F,F,F,F,F,F,F,W,W,W,W,F,F,F,F,F,F,F,F,F,F,F,F,F,F,F,F,F,F,F,W;W,F,F,F,F,mc4r3,F,F,F,F,F,F,W,W,W,W,F,F,F,F,F,F,F,F,F,F,F,F,mc4r3,F,F,F,F,F,F,W;W,F,F,F,F,F,F,F,F,F,F,F,F,F,F,F,F,F,F,F,F,F,F,F,F,F,F,F,F,F,F,F,F,F,F,W;W,F,F,F,F,F,F,F,F,F,F,F,F,F,F,F,F,F,F,F,F,F,F,F,F,F,F,F,F,F,F,F,F,F,F,W;W,F,F,F,F,F,F,F,F,F,F,F,F,F,F,F,F,F,F,F,F,F,F,F,F,F,F,F,F,F,F,F,F,F,F,DR5;W,F,F,F,F,F,F,F,F,F,F,F,F,F,F,F,F,F,P,F,F,F,F,F,F,F,F,F,F,F,F,F,F,F,F,W;W,F,F,F,F,F,F,F,F,F,F,F,F,F,F,F,F,F,F,F,F,F,F,dm,dm,F,F,F,F,F,F,F,F,F,F,W;W,F,F,F,F,F,F,F,F,F,F,F,F,F,mc4r3,F,F,F,F,F,F,F,df,dp,dl,F,F,F,F,F,F,F,F,F,F,W;W,F,df,F,F,F,F,F,F,F,F,F,F,F,F,F,F,F,F,W,W,W,W,F,F,F,F,F,F,F,F,F,F,F,F,W;W,F,dtc,F,F,F,F,F,F,F,F,F,F,F,F,F,F,F,F,W,W,W,W,F,F,F,F,F,F,F,F,F,F,F,F,W;W,dr2,dn,F,F,F,F,F,F,F,F,F,F,F,F,F,F,F,F,F,F,F,F,F,F,F,F,F,F,F,F,F,F,F,F,W;W,F,F,F,F,F,F,F,F,F,F,F,F,F,F,F,F,F,F,F,F,F,F,F,F,F,F,F,F,F,F,F,F,F,F,W;W,F,F,F,F,F,F,F,F,F,F,F,F,F,F,F,F,F,F,F,F,F,F,F,F,F,F,F,F,F,F,F,F,F,F,W;W,F,F,F,F,mc4r3,F,F,F,F,F,F,F,F,F,F,F,F,F,F,F,F,F,F,F,F,F,mc4r3,F,F,F,F,F,F,F,W;W,F,F,F,F,F,F,F,F,F,F,F,F,F,F,F,F,F,F,F,F,F,F,F,F,F,F,F,F,F,F,F,F,F,F,W;W,F,F,F,F,F,F,F,F,F,F,F,F,F,F,F,F,F,F,F,F,F,F,F,F,F,F,F,F,F,F,F,F,F,F,W;W,F,F,F,F,F,F,F,F,F,F,F,F,F,F,F,F,F,F,F,F,F,F,F,F,F,F,F,F,F,F,F,F,F,F,W;W,F,F,F,F,F,F,F,F,F,F,F,F,F,F,F,F,F,F,F,F,F,F,F,F,F,F,F,F,F,F,F,F,F,F,W;W,F,F,F,F,F,F,F,F,F,F,F,F,F,F,F,F,F,F,F,F,F,F,F,F,F,F,F,F,F,F,F,F,F,F,W;W,F,F,F,F,F,F,F,F,F,F,F,F,F,F,F,F,F,F,F,F,F,F,F,F,F,F,F,F,F,F,F,F,F,F,W;W,F,F,F,F,F,F,dr1,df,dt,dtd,F,F,F,F,F,F,F,F,F,F,F,F,F,F,F,F,F,F,F,F,F,F,F,dt,W;W,W,W,W,W,W,W,W,W,W,W,W,W,W,W,W,W,W,DR5,W,W,W,W,W,W,W,W,W,W,W,W,W,W,W,W,W",0,0,Forest,,0.7,4,1,
ch1_normal_forest_10,Normal,36,35,"W,W,W,W,W,W,W,W,W,W,W,W,W,W,W,W,W,W,DR5,W,W,W,W,W,W,W,W,W,W,W,W,W,W,W,W,W;W,F,F,F,F,F,F,F,dt,F,F,F,F,F,F,F,F,F,F,F,F,F,F,F,F,F,F,F,F,F,F,F,F,dtc,F,W;W,F,F,F,F,F,F,F,F,F,F,F,F,F,F,F,F,F,F,F,F,F,F,F,F,F,F,F,F,F,F,F,F,F,F,W;W,F,F,F,F,F,F,F,F,F,F,F,F,F,F,F,F,F,F,dm,F,F,F,F,F,F,F,F,F,F,F,F,F,F,F,W;W,F,F,F,F,F,F,F,F,F,F,F,F,F,F,F,F,F,dp,dr2,F,F,F,F,F,F,F,F,F,F,F,F,F,F,F,W;W,F,F,F,F,F,F,F,F,F,F,F,F,F,F,F,F,F,F,F,F,F,F,F,F,F,F,F,F,F,F,F,F,F,F,W;W,F,F,F,F,F,F,F,F,F,F,F,F,F,F,F,F,W,W,F,dtb,F,F,F,F,F,F,F,F,F,F,F,F,F,F,W;W,dn,df,F,F,F,F,F,F,F,F,F,F,F,F,F,F,W,W,F,F,F,F,F,F,F,F,F,F,F,F,F,F,F,F,W;W,dr1,F,F,F,F,F,F,F,F,F,F,F,F,F,F,F,mc4r3,F,F,F,F,F,F,F,F,F,F,F,F,F,F,F,F,F,W;W,dm,dm,F,F,F,F,F,F,F,F,F,F,F,F,F,F,F,F,F,F,F,F,F,F,F,F,F,F,F,F,F,F,F,F,W;W,F,F,F,F,F,F,F,F,F,F,F,F,F,F,F,F,F,F,F,F,F,F,F,F,F,F,F,F,F,F,F,F,F,F,W;W,F,F,dp,F,F,F,F,W,W,F,F,mc4r3,F,F,F,F,F,F,F,F,mc4r3,F,F,W,W,F,F,F,F,F,F,F,F,F,W;W,F,F,dr2,F,F,F,F,W,W,F,F,F,F,F,F,F,F,F,F,F,F,F,F,W,W,F,F,F,F,F,F,F,F,F,W;W,F,F,F,F,F,F,F,dp,dtd,F,F,F,F,F,F,F,F,F,F,F,F,F,F,F,F,F,F,F,F,F,F,F,F,F,W;W,F,F,F,F,F,F,F,F,dr2,F,F,F,F,F,F,F,F,F,F,F,F,F,F,F,F,F,F,F,F,F,F,F,F,F,W;W,F,F,F,F,F,F,F,F,F,F,F,F,F,F,F,F,F,F,F,F,F,F,F,F,F,F,F,F,F,F,F,F,F,F,W;W,F,F,F,F,F,F,F,F,F,F,F,F,F,F,F,F,F,F,F,F,F,F,F,F,F,F,F,F,F,F,F,F,F,F,W;W,F,F,F,F,W,W,F,mc4r3,F,F,F,F,F,F,F,F,F,F,F,F,F,F,F,F,F,mc4r3,W,W,F,dr2,dl,F,F,F,DR5;W,F,F,F,F,W,W,F,F,F,F,F,F,F,F,F,F,F,P,F,F,F,F,F,F,F,F,W,W,F,F,F,F,F,F,W;W,F,F,F,F,F,F,F,F,F,F,F,F,F,F,F,F,F,F,F,F,F,F,F,F,F,F,F,F,F,F,F,F,F,F,W;W,F,F,F,F,F,F,F,F,F,F,F,F,F,F,F,F,F,F,F,F,F,F,F,F,F,F,F,F,F,F,F,F,F,F,W;W,F,F,F,F,F,F,F,F,F,F,F,F,F,F,F,F,F,F,F,F,F,F,F,F,F,F,F,F,F,F,F,F,F,F,W;W,F,F,F,F,F,F,F,F,F,F,F,F,F,F,F,F,F,F,F,F,F,F,F,F,F,F,F,F,F,F,F,F,F,dm,W;W,F,F,F,F,F,F,F,W,W,F,F,mc4r3,F,F,F,F,F,F,F,F,mc4r3,F,F,W,W,F,F,F,F,F,F,F,F,dm,W;W,F,F,F,F,F,F,F,W,W,F,F,F,F,F,F,F,F,F,F,F,F,F,F,W,W,F,F,F,F,F,F,F,F,dr1,W;W,F,F,F,F,F,F,F,F,F,F,F,F,F,F,F,F,F,F,F,F,F,F,F,F,dr1,dl,F,F,F,F,F,F,F,F,W;W,F,F,F,F,F,F,F,F,F,F,F,F,F,F,F,F,mc4r3,F,F,F,F,F,F,F,df,F,F,F,F,F,F,F,F,F,W;W,F,F,F,F,F,F,F,F,F,F,F,F,F,F,F,F,F,F,F,F,F,F,F,F,F,F,F,F,F,F,F,F,F,F,W;W,F,F,F,F,F,F,F,F,F,F,F,F,F,F,F,F,W,W,F,F,F,F,F,F,F,F,F,F,F,F,F,F,F,F,W;W,F,F,F,F,F,F,F,F,F,F,F,F,F,F,F,F,W,W,F,F,F,F,F,F,F,F,F,F,F,F,F,F,F,F,W;W,F,F,F,F,F,F,F,F,F,F,F,F,F,F,F,F,F,F,F,F,F,F,F,F,F,F,F,F,F,F,F,F,F,F,W;W,F,F,F,F,F,F,F,F,F,F,F,F,F,F,F,F,F,F,F,F,F,F,F,F,F,F,F,F,F,F,F,F,F,F,W;W,F,F,F,F,F,dr1,F,F,F,F,F,F,F,F,F,F,F,F,F,F,F,F,dtc,dl,dr2,dtb,dp,dtd,F,F,F,F,F,F,W;W,dt,dm,dl,F,F,F,F,F,F,dtb,dr1,df,dtb,dr2,dn,F,F,F,F,F,F,F,dr1,dr1,dt,dtb,dr1,F,F,F,F,F,F,F,W;W,W,W,W,W,W,W,W,W,W,W,W,W,W,W,W,W,W,DR5,W,W,W,W,W,W,W,W,W,W,W,W,W,W,W,W,W",0,0,Forest,,0.7,4,1,
ch1_normal_forest_11,Normal,36,34,"W,W,W,W,W,W,W,W,W,W,W,W,W,W,W,W,W,W,DR5,W,W,W,W,W,W,W,W,W,W,W,W,W,W,W,W,W;W,F,F,F,F,F,F,F,F,F,F,F,F,F,F,F,F,F,F,F,F,F,F,F,F,F,dr2,dtc,dr1,F,F,F,dtd,F,F,W;W,F,F,F,F,F,F,F,F,F,F,F,F,F,F,F,F,F,F,F,F,F,F,F,F,df,dp,F,F,F,F,dr2,dr2,F,F,W;W,F,F,F,F,F,F,F,F,F,F,F,F,F,F,F,F,F,F,F,F,F,F,F,F,F,F,F,F,F,dp,dm,F,F,F,W;W,F,F,F,F,F,F,F,F,F,F,F,F,F,F,F,F,F,F,F,F,F,F,F,F,F,F,F,F,F,F,F,F,F,F,W;W,F,F,F,F,F,F,F,F,F,F,F,F,F,F,F,F,F,F,F,F,F,F,F,F,F,F,F,F,F,F,F,F,F,F,W;W,F,F,F,F,F,F,F,mc4r3,F,F,F,F,F,F,F,F,F,F,F,F,F,F,F,F,F,F,F,mc4r3,F,F,F,F,F,F,W;W,F,F,F,F,F,F,F,F,F,F,F,F,F,F,F,F,F,F,F,F,F,F,F,F,F,F,F,F,F,F,dm,F,F,F,W;W,F,F,F,F,F,F,F,F,F,F,dp,F,F,F,F,F,F,F,F,F,F,F,F,F,F,F,F,F,F,F,dsta,F,F,F,W;W,F,F,F,F,F,F,F,F,F,dn,F,F,F,F,F,F,F,F,F,F,F,F,F,F,F,F,F,F,F,F,dr2,dp,F,F,W;W,F,F,F,F,F,F,F,F,F,F,dp,dtd,F,F,F,F,F,F,F,F,F,F,F,F,F,F,F,F,F,F,F,F,F,F,W;W,F,F,F,F,F,F,F,F,F,F,F,F,F,F,F,F,F,F,F,F,F,F,F,F,F,F,F,F,F,F,F,F,F,F,W;W,F,W,W,W,W,W,W,W,W,W,W,W,W,W,W,F,F,F,F,F,W,W,W,W,W,W,W,W,W,W,W,W,W,dtb,W;W,F,W,W,W,W,W,W,W,W,W,W,W,W,W,W,F,F,F,F,F,W,W,W,W,W,W,W,W,W,W,W,W,W,dl,W;W,F,F,F,F,F,F,F,F,F,F,F,F,F,F,F,F,F,F,F,F,F,F,F,F,F,F,F,F,F,F,F,F,F,dtc,W;W,F,F,F,F,F,F,F,F,F,F,F,F,F,F,F,F,F,F,F,F,F,F,F,F,F,F,F,F,F,F,F,F,F,F,W;W,F,F,F,F,F,F,F,F,F,F,F,F,F,F,F,F,F,mc4r3,F,F,F,F,F,F,F,F,F,F,F,F,F,F,F,F,W;W,F,F,F,F,F,F,F,F,F,F,F,F,F,F,F,F,F,F,F,F,F,F,F,F,F,F,F,F,F,F,F,F,F,F,DR5;W,F,F,F,F,F,F,F,F,F,F,F,F,F,F,F,F,F,P,F,F,F,F,F,F,F,F,F,F,F,F,F,F,F,F,W;W,F,dr1,F,F,F,F,F,F,F,F,F,F,F,F,F,F,F,F,F,F,F,F,F,F,F,F,F,F,F,F,F,F,F,F,W;W,dtc,dn,dn,F,F,F,F,F,F,F,F,F,F,F,F,F,F,F,F,F,F,F,F,F,F,F,F,F,F,F,F,F,F,F,W;W,df,dl,dl,F,F,F,F,F,F,F,F,F,F,F,F,F,F,F,F,F,F,F,F,F,F,F,F,F,F,F,F,F,F,F,W;W,dr1,F,F,F,F,F,F,F,F,F,F,F,F,F,F,F,F,F,F,F,F,F,F,F,F,F,F,F,dr2,F,F,F,F,F,W;W,F,W,W,W,W,W,W,W,W,W,W,W,W,W,W,F,F,F,F,F,W,W,W,W,W,W,W,W,W,W,W,W,W,F,W;W,F,W,W,W,W,W,W,W,W,W,W,W,W,W,W,F,F,F,F,F,W,W,W,W,W,W,W,W,W,W,W,W,W,F,W;W,F,F,F,F,F,F,F,F,F,F,F,F,F,F,F,F,F,F,F,F,F,F,F,F,F,F,F,F,F,F,F,F,F,F,W;W,F,F,F,F,F,F,F,F,F,F,F,F,F,F,F,F,F,F,F,F,F,F,F,F,F,F,F,F,F,F,F,F,F,F,W;W,F,F,F,F,F,F,F,F,F,F,F,F,F,F,F,F,F,F,F,F,F,F,F,F,F,F,F,F,F,F,F,F,F,F,W;W,F,F,F,F,F,F,F,mc4r3,F,F,F,F,F,F,F,F,F,F,F,F,F,F,F,F,F,F,F,mc4r3,F,F,F,F,F,F,W;W,F,F,F,F,F,F,F,F,F,F,F,F,F,F,F,F,F,F,F,F,F,F,F,F,F,F,F,F,F,F,F,F,F,F,W;W,F,F,F,F,F,F,F,F,F,F,F,F,F,F,F,F,F,F,F,F,F,F,F,F,F,F,F,F,F,F,F,F,F,F,W;W,F,F,F,F,F,F,F,F,F,F,F,F,F,F,F,F,F,F,F,F,F,F,F,F,F,F,F,F,F,F,F,F,F,F,W;W,F,F,F,F,F,F,F,F,F,F,F,F,F,F,F,F,F,F,F,F,F,F,F,F,F,F,F,F,dtd,dm,dp,dtc,dm,dp,W;W,W,W,W,W,W,W,W,W,W,W,W,W,W,W,W,W,W,DR5,W,W,W,W,W,W,W,W,W,W,W,W,W,W,W,W,W",0,0,Forest,,0.7,4,1,
ch1_normal_forest_12,Normal,36,36,"W,W,W,W,W,W,W,W,W,W,W,W,W,W,W,W,W,W,DR5,W,W,W,W,W,W,W,W,W,W,W,W,W,W,W,W,W;W,dtb,dp,dtc,F,dtc,F,F,F,F,F,F,F,F,F,F,F,F,F,F,F,F,F,F,dr2,F,F,F,F,F,F,F,F,F,dt,W;W,F,W,W,W,dr1,dtc,F,F,df,df,F,F,F,F,F,F,F,F,F,F,F,F,F,dr1,dl,F,F,F,F,W,W,W,F,dm,W;W,F,W,W,W,dr1,dn,F,F,dr1,F,F,F,F,F,F,F,F,F,F,F,F,F,F,F,F,F,F,F,F,W,W,W,F,dn,W;W,F,W,W,W,F,F,F,F,F,F,F,F,F,F,F,F,F,F,F,F,F,F,F,F,F,F,F,F,F,W,W,W,F,F,W;W,F,F,dl,dtc,F,F,F,F,F,F,F,F,F,F,F,F,F,F,F,F,F,F,F,F,F,F,F,F,F,F,F,F,F,F,W;W,F,F,F,dt,F,F,F,F,F,F,F,F,F,F,F,F,F,F,F,F,F,F,F,F,F,F,F,F,F,F,F,F,F,F,W;W,F,F,F,F,F,F,F,F,F,F,F,F,F,F,F,F,F,F,F,F,F,F,F,F,F,F,F,F,F,F,F,F,F,F,W;W,F,F,F,F,F,F,F,F,F,F,F,F,F,F,F,F,F,F,F,F,F,F,F,F,F,F,F,F,F,F,F,F,F,F,W;W,F,F,F,F,F,F,F,F,mc4r3,F,F,F,F,F,F,F,F,F,F,F,F,F,F,F,mc4r3,F,F,F,F,F,F,F,F,F,W;W,F,F,F,F,F,F,F,F,F,F,F,F,F,F,F,F,F,F,F,F,F,F,F,F,F,F,F,F,F,F,F,F,F,F,W;W,F,F,F,F,F,F,F,F,F,F,F,F,F,F,F,F,F,F,F,F,F,F,F,F,F,F,F,F,F,F,F,F,F,F,W;W,F,F,F,F,F,F,F,F,F,F,F,F,F,F,F,F,F,F,F,F,F,F,F,F,F,F,F,F,F,F,F,F,F,F,W;W,F,F,F,F,F,F,F,F,F,F,F,F,F,F,F,F,F,F,F,F,F,F,F,F,F,F,dr1,F,F,F,F,F,F,F,W;W,F,F,F,F,F,F,F,F,F,F,F,F,F,F,F,F,F,F,F,F,F,F,F,F,F,F,F,dsta,dn,F,F,F,F,F,W;W,F,F,F,F,F,F,F,F,F,F,F,F,F,F,F,F,F,F,F,F,F,F,F,F,F,F,F,dp,df,F,F,F,F,F,W;W,F,F,F,F,F,F,F,F,F,F,F,F,F,F,F,F,F,F,F,F,F,F,F,F,F,F,F,F,F,F,F,F,F,F,W;W,F,F,F,F,F,F,F,F,F,F,F,F,F,F,F,F,F,F,F,F,F,F,F,F,F,F,F,F,F,F,F,F,F,F,W;W,F,F,F,F,F,F,F,mc4r3,F,F,F,F,F,F,F,F,F,P,F,F,F,F,F,F,F,mc4r3,F,F,F,F,F,F,F,F,DR5;W,F,F,F,F,F,F,F,F,F,F,F,F,F,F,F,F,F,F,F,F,F,F,F,F,F,F,F,F,F,F,F,F,F,F,W;W,F,F,F,F,F,F,F,F,F,F,F,F,F,F,F,F,F,F,F,F,F,F,F,F,F,F,F,F,F,F,F,F,F,F,W;W,F,F,F,F,F,F,F,F,F,F,F,F,F,F,F,F,F,F,F,F,F,F,F,F,F,F,F,F,F,F,F,F,F,F,W;W,F,F,F,F,F,F,F,F,F,F,F,F,F,F,F,F,F,F,F,F,F,F,F,F,F,F,F,F,F,F,F,F,F,F,W;W,F,F,F,F,F,F,F,F,F,F,F,F,F,F,F,F,F,F,F,F,F,F,F,F,F,F,F,F,F,F,F,F,F,F,W;W,F,F,F,F,F,F,F,F,mc4r3,F,F,F,F,F,F,F,F,F,F,F,F,F,F,F,mc4r3,F,F,F,F,F,F,F,F,F,W;W,F,F,F,F,F,F,F,F,F,F,F,F,F,F,F,F,F,F,F,F,F,F,F,F,F,F,F,F,F,F,F,F,F,F,W;W,F,F,F,F,F,F,F,F,F,F,F,F,F,F,F,F,F,F,F,F,F,F,F,F,F,F,F,F,F,F,F,F,F,F,W;W,F,F,F,F,F,F,F,F,F,F,F,F,F,F,F,F,F,F,F,F,F,F,F,F,F,F,F,F,F,F,F,F,F,F,W;W,F,F,F,F,F,F,F,F,F,F,F,F,F,F,F,F,F,F,F,F,F,F,F,F,F,F,F,F,F,F,F,F,F,F,W;W,F,F,F,F,F,F,F,F,F,F,F,F,F,F,F,F,F,F,F,F,F,F,F,F,F,F,F,F,F,F,F,F,F,F,W;W,F,W,W,W,F,dr1,F,F,F,F,F,F,F,F,F,F,F,F,F,F,F,F,F,F,F,F,F,dtb,F,W,W,W,F,F,W;W,F,W,W,W,dr2,dr2,F,F,F,F,F,F,F,F,F,F,F,F,F,F,F,F,F,F,F,F,F,dr2,F,W,W,W,F,F,W;W,F,W,W,W,dp,F,F,F,F,F,F,F,F,F,F,F,F,F,F,F,F,F,F,F,F,F,F,dr2,dtc,W,W,W,F,dm,W;W,F,F,F,F,F,F,F,F,F,F,F,F,F,F,F,F,F,F,F,F,F,dtc,F,F,F,F,F,F,dl,F,F,F,F,F,W;W,F,F,F,F,F,F,dtd,F,F,F,F,F,F,F,F,F,F,F,F,F,F,dtc,F,F,dtc,dr1,F,F,F,F,F,F,df,F,W;W,W,W,W,W,W,W,W,W,W,W,W,W,W,W,W,W,W,DR5,W,W,W,W,W,W,W,W,W,W,W,W,W,W,W,W,W",0,0,Forest,,0.85,4,1,
ch1_elite_forest_01,Elite,40,45,"W,W,W,W,W,W,W,W,W,W,W,W,W,W,W,W,W,W,W,W,DR5,W,W,W,W,W,W,W,W,W,W,W,W,W,W,W,W,W,W,W;W,dtd,dr2,dp,F,F,F,F,F,F,F,F,F,F,dtc,dr2,dp,F,F,F,F,F,F,F,F,F,F,dtc,dtc,F,F,F,F,F,F,F,F,F,F,W;W,dm,df,F,F,F,F,F,F,F,F,F,F,F,F,F,F,F,F,F,F,F,F,F,F,F,F,dn,F,F,F,F,F,F,F,F,F,F,F,W;W,dp,F,F,F,F,F,F,F,F,F,F,F,F,F,F,F,F,F,F,F,F,F,F,F,F,F,F,F,F,F,F,F,F,F,F,F,F,F,W;W,F,F,F,F,F,F,F,F,F,F,F,F,F,F,F,F,F,F,F,F,F,F,F,F,F,F,F,F,F,F,F,F,F,F,F,F,F,F,W;W,F,F,dm,F,W,W,F,F,F,F,F,F,F,F,F,F,F,F,F,F,F,F,F,F,F,F,F,F,F,F,F,F,W,W,F,F,F,F,W;W,dp,F,dr2,dr2,W,W,F,F,F,F,F,F,F,F,F,F,F,F,F,F,F,F,F,F,F,F,F,F,F,F,F,F,W,W,F,F,F,F,W;W,dr2,F,F,F,dp,dp,F,F,F,F,F,F,F,F,F,F,F,F,F,F,F,F,F,F,F,F,F,F,F,F,F,F,F,F,F,F,F,F,W;W,F,F,F,F,F,df,F,F,F,F,F,F,F,F,F,F,F,F,F,F,F,F,F,F,F,F,F,F,F,F,F,F,F,F,F,F,F,F,W;W,F,F,F,F,F,F,F,F,F,F,F,F,F,F,F,F,F,F,F,Me4r3,F,F,F,F,F,F,F,F,F,F,F,F,F,F,F,F,F,F,W;W,F,F,F,F,F,F,F,F,F,F,F,F,F,F,F,F,F,F,F,F,F,F,F,F,F,F,F,F,F,F,F,F,F,F,F,F,F,F,W;W,F,F,F,F,F,F,F,F,F,F,F,F,F,F,F,F,F,F,F,F,F,F,F,F,F,F,F,F,F,F,F,F,F,F,F,F,dl,dn,W;W,F,F,F,F,F,F,F,F,F,F,F,mc3r3,F,F,F,F,df,dt,dn,F,F,F,F,F,F,mc3r3,F,F,F,F,F,F,F,F,F,F,F,dn,W;W,F,F,F,F,F,F,F,F,F,F,F,F,F,F,F,F,F,F,F,F,F,F,F,F,F,F,F,F,F,F,F,F,F,F,F,F,F,F,W;W,F,F,F,F,F,F,F,F,F,F,F,F,F,F,F,F,F,W,W,F,F,F,F,F,F,F,F,F,F,F,F,F,F,F,F,F,F,F,W;W,F,F,F,F,F,F,F,F,F,F,F,F,F,F,F,F,F,W,W,F,F,F,F,F,F,F,F,F,F,F,F,F,F,F,F,F,F,F,W;W,F,F,F,F,F,F,F,F,F,F,F,F,F,F,F,F,F,F,F,F,F,F,F,F,F,F,F,F,F,F,F,F,F,F,F,F,F,F,W;W,F,F,F,F,F,F,F,F,F,F,F,F,F,F,F,F,F,F,F,F,F,F,F,F,F,F,F,F,F,F,F,F,F,F,F,F,F,F,W;W,F,F,F,F,F,F,F,F,F,F,F,F,F,F,F,F,F,F,F,F,F,F,F,F,F,F,F,F,F,F,F,F,F,F,F,F,F,F,W;W,F,F,F,F,F,F,F,F,F,F,F,F,F,F,F,F,F,F,F,F,F,F,F,F,F,F,F,F,F,F,F,F,F,F,F,F,F,F,W;W,F,F,F,F,F,F,F,F,F,F,F,F,F,F,F,F,F,F,F,F,F,F,F,F,F,F,F,F,F,F,F,F,F,F,F,F,F,F,W;W,F,F,F,F,F,F,F,F,F,F,W,W,F,F,F,F,F,F,F,F,F,F,F,F,F,F,W,W,F,F,F,F,F,F,F,F,F,F,W;W,F,F,F,F,F,F,F,F,F,F,W,W,F,F,F,F,F,F,F,F,F,F,F,F,F,F,W,W,F,F,F,F,F,F,F,F,F,F,DR5;W,F,F,F,F,F,mc3r3,F,F,F,F,F,F,F,F,F,F,F,F,F,F,F,F,F,F,F,F,F,F,F,F,F,mc3r3,F,F,F,F,F,F,W;W,F,F,F,F,F,F,F,F,F,F,F,F,F,F,F,F,F,F,F,F,F,F,F,F,F,F,F,F,F,F,F,F,F,F,F,F,F,F,W;W,F,F,F,F,F,F,F,F,F,F,F,F,F,F,F,F,F,F,F,F,F,F,F,F,F,F,F,F,F,F,F,F,F,F,F,F,dtd,dr1,W;W,F,F,F,F,F,F,F,F,F,F,F,F,F,F,F,F,F,F,F,F,F,F,F,F,F,F,F,F,F,F,F,F,F,F,F,F,F,dl,W;W,F,F,F,F,F,F,F,F,F,F,F,F,F,F,F,F,df,dtb,dn,F,dr1,F,F,F,F,F,F,F,F,F,F,F,F,F,F,F,F,F,W;W,F,F,F,F,F,F,F,F,F,F,F,F,F,F,F,F,F,F,df,dr1,dsta,dr1,F,F,F,F,F,F,F,F,F,F,F,F,F,F,F,F,W;W,F,F,F,F,F,F,F,F,F,F,F,F,F,F,F,F,F,W,W,F,dm,dm,F,F,F,F,F,F,F,F,F,F,F,F,F,F,F,F,W;W,dm,F,F,F,F,F,F,F,F,F,F,F,F,F,F,F,F,W,W,F,F,F,F,F,F,F,F,F,F,F,F,F,F,F,F,F,F,F,W;W,dr1,F,F,F,F,F,F,F,F,F,F,F,F,F,F,F,F,F,F,F,F,F,F,F,F,F,F,F,F,F,F,F,F,F,F,F,F,F,W;W,dl,F,F,F,F,F,F,F,F,F,F,F,F,F,F,F,F,F,F,P,F,F,F,F,F,F,F,F,F,F,F,F,F,F,F,F,F,F,W;W,dl,dr1,F,F,F,F,F,F,F,F,F,F,F,F,F,F,F,F,F,F,F,F,F,F,F,F,F,F,F,F,F,F,F,F,F,F,F,F,W;W,F,F,F,F,F,F,F,F,F,F,F,F,F,F,F,F,F,F,F,F,F,F,F,F,F,F,F,F,F,F,F,F,F,F,F,F,F,F,W;W,F,F,F,F,F,F,F,F,F,F,F,F,F,F,F,F,F,F,F,Me4r3,F,F,F,F,F,F,F,F,F,F,F,F,F,F,F,F,F,F,W;W,F,F,F,F,F,F,F,F,F,F,F,F,F,F,F,F,F,F,F,F,F,F,F,F,F,F,F,F,F,F,F,F,F,F,F,F,F,F,W;W,F,F,F,F,F,F,F,F,F,F,F,F,F,F,F,F,F,F,F,F,F,F,F,F,F,F,F,F,F,F,F,F,F,F,F,F,F,F,W;W,F,F,F,F,W,W,F,F,F,F,F,F,F,F,F,F,F,F,F,F,F,F,F,F,F,F,F,F,F,F,F,dtb,W,W,F,F,F,F,W;W,F,F,F,F,W,W,F,F,F,F,F,F,F,F,F,F,F,F,F,F,F,F,F,F,F,F,F,F,F,F,F,F,W,W,F,F,F,F,W;W,F,F,F,F,F,F,F,F,F,F,F,F,F,F,F,F,F,F,F,F,F,F,F,F,F,F,F,F,F,F,F,F,F,F,F,F,F,F,W;W,F,F,F,F,F,F,F,F,F,F,F,F,F,F,F,F,F,F,F,F,F,F,F,F,F,F,F,F,F,F,F,F,F,F,F,F,F,F,W;W,F,F,F,F,F,F,F,F,F,F,F,F,dr1,F,F,F,F,F,F,F,F,F,F,F,F,F,F,F,F,F,F,F,F,F,F,F,F,F,W;W,dtb,dr2,df,F,F,F,F,F,F,F,F,F,F,F,F,F,F,F,F,F,F,F,F,F,F,F,F,F,F,F,F,F,F,F,F,F,F,F,W;W,W,W,W,W,W,W,W,W,W,W,W,W,W,W,W,W,W,W,W,DR5,W,W,W,W,W,W,W,W,W,W,W,W,W,W,W,W,W,W,W",0,0,Forest,,1.3,5,1,
ch1_elite_forest_02,Elite,40,45,"W,W,W,W,W,W,W,W,W,W,W,W,W,W,W,W,W,W,W,W,DR5,W,W,W,W,W,W,W,W,W,W,W,W,W,W,W,W,W,W,W;W,dt,dm,df,F,F,F,F,F,F,F,dtc,dtd,df,F,F,F,F,F,F,F,F,F,F,F,F,F,dtb,F,F,F,F,F,F,F,F,F,F,dn,W;W,dr1,W,W,F,F,F,F,F,F,F,F,F,F,F,F,F,F,F,F,F,F,F,F,F,F,F,dm,F,F,F,F,F,F,F,W,W,F,F,W;W,dl,W,W,F,F,F,F,F,F,F,F,F,F,F,F,F,F,F,F,F,F,F,F,F,F,F,F,F,F,F,F,F,F,F,W,W,F,F,W;W,F,F,F,F,F,F,F,F,F,F,F,F,F,F,F,F,F,F,F,F,F,F,F,F,F,F,F,F,F,F,F,F,F,F,F,F,F,F,W;W,F,F,F,F,F,F,F,F,F,F,F,F,F,F,F,F,F,F,F,F,F,F,F,F,F,F,F,F,F,F,F,F,F,F,F,F,F,F,W;W,F,F,F,F,F,F,F,F,F,F,F,F,F,F,F,F,F,F,F,F,F,F,F,F,F,F,F,F,F,F,F,F,F,F,F,F,F,F,W;W,F,F,F,F,F,dl,F,F,F,Me4r3,F,F,F,F,F,F,F,F,F,F,F,dp,F,F,F,F,F,Me4r3,F,F,F,F,F,F,F,F,F,dl,W;W,F,F,F,F,dl,dp,F,W,W,W,W,F,dtc,F,F,F,F,F,F,F,F,dl,dn,dt,F,W,W,W,W,F,F,F,F,F,F,F,F,dr2,W;W,dtd,F,F,F,dl,F,F,W,W,W,W,F,df,dm,F,F,F,F,F,F,F,F,F,F,F,W,W,W,W,F,F,F,F,F,F,F,F,dl,W;W,dtb,F,F,F,F,F,F,W,W,W,W,F,dtd,dp,F,F,F,F,F,F,F,F,F,F,F,W,W,W,W,F,F,F,F,F,F,F,F,dn,W;W,dm,F,F,F,F,F,F,W,W,W,W,F,F,F,F,F,F,F,F,F,F,F,F,F,F,W,W,W,W,F,F,F,F,F,F,df,dm,dn,W;W,F,F,F,F,F,F,F,F,F,dl,F,F,F,F,F,F,F,F,F,F,F,F,F,F,F,F,F,F,F,F,F,F,F,F,F,F,dp,F,W;W,F,F,F,F,F,F,F,F,F,dtd,F,F,F,F,F,F,F,F,F,F,F,F,F,F,df,dr2,dt,F,F,F,F,F,F,F,F,F,F,F,W;W,F,F,F,F,F,F,F,F,F,dr2,F,F,F,F,F,F,F,F,F,F,F,F,F,F,F,F,F,F,F,F,F,F,F,F,F,F,F,dtc,W;W,F,F,F,F,F,F,F,F,F,F,F,F,F,F,F,F,F,F,F,F,F,F,F,F,F,F,F,F,F,F,F,F,F,F,F,F,df,dr1,W;W,F,F,F,F,F,F,F,F,F,F,F,F,F,F,F,F,F,F,F,F,F,F,F,F,F,F,F,F,F,F,F,F,F,F,F,F,F,F,W;W,F,F,F,F,F,F,F,F,F,F,F,F,F,F,F,F,F,F,F,F,F,F,F,F,F,F,F,F,F,F,F,F,F,F,F,F,F,F,W;W,F,F,F,F,F,F,F,F,F,F,F,F,F,F,F,F,F,F,F,mc3r3,F,F,F,F,F,F,F,F,F,F,F,F,F,F,F,F,F,F,W;W,F,F,F,F,F,F,F,F,F,F,F,F,F,F,F,F,F,F,F,F,F,F,F,F,F,F,F,F,F,F,F,F,F,F,F,F,F,F,W;W,F,F,F,F,F,F,F,F,F,F,F,F,F,F,F,F,F,F,F,F,F,F,F,F,F,F,F,F,F,F,F,F,F,F,F,F,F,F,W;W,F,F,F,F,F,F,F,F,F,F,F,F,F,F,F,F,F,F,F,F,F,F,F,F,F,F,F,F,F,F,F,F,F,F,F,F,F,F,W;W,F,F,F,F,F,F,F,F,F,F,F,F,F,F,F,F,F,F,F,F,F,F,F,F,F,F,F,F,F,F,F,F,F,F,F,F,F,F,DR5;W,F,F,F,F,F,F,F,mc3r3,F,F,F,F,F,F,F,F,F,F,F,F,F,F,F,F,F,F,F,F,F,mc3r3,F,F,F,F,F,F,F,F,W;W,F,F,F,F,F,F,F,F,F,F,F,F,F,F,F,F,F,F,F,F,F,F,F,F,F,F,F,F,F,F,F,F,F,F,F,F,F,F,W;W,F,F,F,F,F,F,F,F,F,F,F,F,F,F,F,F,F,F,F,F,F,F,F,F,F,F,F,F,F,F,F,F,F,F,F,F,F,F,W;W,F,F,F,F,F,F,F,F,F,F,F,F,F,F,F,F,F,F,F,F,F,F,F,F,F,F,F,F,F,F,F,F,F,F,F,F,F,F,W;W,F,F,F,F,F,F,F,F,F,F,F,F,F,F,F,F,F,F,F,F,F,F,F,F,F,F,F,F,F,F,F,F,F,F,F,F,F,F,W;W,F,F,F,F,F,F,F,F,F,F,F,F,F,F,F,F,F,F,F,mc3r3,F,F,F,F,F,F,F,F,F,F,F,F,F,F,F,F,F,dl,W;W,F,F,F,F,F,F,F,F,F,F,F,F,F,F,F,F,F,F,F,F,F,F,F,F,F,F,F,F,F,F,F,F,F,F,F,F,F,dtc,W;W,F,F,F,F,F,F,F,F,F,F,F,F,F,F,F,F,F,F,F,F,F,F,F,F,F,F,F,F,F,F,F,F,F,F,F,F,F,F,W;W,F,F,F,F,F,F,F,F,F,F,F,F,F,F,F,F,F,F,F,F,F,F,F,F,F,F,F,F,F,F,F,F,F,F,F,F,F,F,W;W,F,F,F,F,F,F,F,F,F,F,F,F,F,F,F,F,F,F,F,F,F,F,F,F,F,F,F,F,F,F,F,F,F,F,F,F,F,dl,W;W,F,F,F,F,F,F,F,F,F,F,F,F,F,F,F,F,F,F,F,P,F,F,F,F,F,F,F,F,F,F,F,F,F,F,F,F,F,dr2,W;W,F,F,F,F,F,F,F,F,F,F,F,F,F,F,F,F,F,F,F,F,F,F,F,F,F,F,F,F,F,F,F,F,F,F,F,F,F,dr1,W;W,F,F,F,F,F,F,F,F,F,F,F,F,F,F,F,F,F,F,F,F,F,F,F,F,F,F,F,F,F,F,F,F,F,F,dl,F,F,F,W;W,dp,F,F,F,F,F,F,F,F,F,F,F,F,F,F,F,F,F,F,F,F,F,F,F,F,F,F,F,F,F,F,F,F,dr2,dalt,dn,F,F,W;W,F,F,F,F,F,F,F,F,F,F,F,F,F,F,F,F,F,F,F,F,F,F,F,F,F,F,F,F,F,F,F,F,F,F,F,df,F,F,W;W,F,F,F,F,F,F,F,F,F,F,F,F,F,F,F,F,F,F,F,F,F,F,F,F,F,F,F,F,F,F,F,F,F,F,F,F,F,F,W;W,F,F,df,F,F,F,F,F,F,F,F,F,F,F,F,F,F,F,F,F,F,F,F,F,F,F,F,F,F,F,F,F,F,F,F,F,F,F,W;W,F,dtc,dp,dtb,F,F,F,F,F,F,F,F,F,F,F,F,F,F,F,F,F,F,F,F,F,F,F,F,F,F,F,F,F,F,F,F,F,F,W;W,F,W,W,F,F,F,F,F,F,F,F,F,F,F,F,F,F,F,F,F,F,F,F,F,F,F,F,F,F,F,F,F,F,F,W,W,dm,dr2,W;W,F,W,W,F,F,F,F,F,F,F,F,F,F,F,F,F,F,F,F,F,F,F,F,F,F,F,F,dtc,dm,F,F,F,F,dtd,W,W,dr1,F,W;W,F,F,dr1,F,F,F,F,F,F,F,F,F,F,F,F,F,F,F,F,F,F,F,dm,F,F,F,F,F,dr1,dp,F,F,F,dt,F,F,dn,dtd,W;W,W,W,W,W,W,W,W,W,W,W,W,W,W,W,W,W,W,W,W,DR5,W,W,W,W,W,W,W,W,W,W,W,W,W,W,W,W,W,W,W",0,0,Forest,,1.3,5,1,
ch1_elite_forest_03,Elite,40,47,"W,W,W,W,W,W,W,W,W,W,W,W,W,W,W,W,W,W,W,W,DR5,W,W,W,W,W,W,W,W,W,W,W,W,W,W,W,W,W,W,W;W,F,F,F,F,F,F,F,F,F,F,F,F,F,F,F,F,F,F,F,F,F,F,F,F,F,F,F,dn,dr2,F,F,F,F,F,F,F,F,F,W;W,F,W,W,F,F,F,F,F,dtc,dn,F,F,F,F,F,F,F,F,F,F,F,F,F,F,F,F,F,dm,F,F,F,F,F,F,W,W,F,F,W;W,F,W,W,F,F,F,F,F,df,dn,F,F,F,F,F,F,F,F,F,F,F,F,F,F,F,F,F,dn,dp,F,F,F,F,F,W,W,F,F,W;W,F,F,F,F,F,F,F,F,F,dl,F,F,F,F,F,F,F,F,F,F,F,F,F,F,F,F,F,F,F,F,F,F,F,F,F,F,F,F,W;W,F,F,F,F,F,F,F,F,F,F,F,F,F,F,F,F,F,F,F,F,F,F,F,F,F,F,F,F,F,F,F,F,F,F,dr2,dtc,F,F,W;W,F,F,F,F,F,F,F,F,F,F,F,F,F,F,F,F,F,F,F,F,F,F,F,F,F,F,F,F,F,F,F,F,F,F,F,F,F,F,W;W,F,F,F,F,F,F,F,F,F,F,F,F,F,F,F,F,F,F,F,F,F,F,F,F,F,F,F,F,F,F,F,F,F,F,F,F,F,F,W;W,F,F,dr1,F,F,df,dl,F,F,F,F,F,F,F,F,F,F,F,F,F,F,F,F,F,F,F,F,F,F,F,F,F,F,F,F,F,F,F,W;W,dm,F,F,F,F,F,F,F,F,F,F,F,F,F,F,F,F,F,F,Me4r3,F,F,F,F,F,F,F,F,F,F,F,F,F,F,F,F,F,F,W;W,F,F,dl,dn,F,F,F,F,F,F,F,F,F,F,F,F,F,F,F,F,F,F,F,F,F,F,F,F,F,F,F,F,F,F,F,F,F,df,W;W,F,F,F,F,F,F,F,F,F,F,F,F,F,F,F,F,F,F,F,F,F,F,F,F,F,F,F,F,F,F,F,F,F,F,F,F,F,dr1,W;W,dn,dtd,F,F,F,F,F,F,F,F,F,F,F,F,F,F,F,F,F,F,F,F,F,F,F,F,F,F,F,F,F,F,F,F,F,F,F,F,W;W,dr2,dr1,F,F,F,F,F,F,F,F,F,F,F,F,F,F,F,F,F,F,F,F,F,F,F,F,F,F,F,F,F,F,F,F,F,F,F,F,W;W,dr1,F,F,F,F,F,F,F,F,F,F,mc3r3,F,F,F,F,F,F,F,F,F,F,F,F,F,mc3r3,F,F,F,F,F,F,F,F,F,F,F,F,W;W,F,F,F,F,F,F,dm,dp,F,F,F,F,F,F,F,F,F,F,F,F,F,F,F,F,F,F,F,F,F,F,F,F,F,F,F,F,F,F,W;W,F,F,F,F,F,F,F,F,F,F,F,F,F,F,F,F,F,F,F,F,F,F,F,F,F,F,F,F,dl,dt,F,F,F,F,F,F,F,F,W;W,F,F,F,F,W,W,W,W,F,F,F,F,F,F,F,F,F,F,F,F,F,F,F,F,F,F,dm,F,W,W,W,W,F,F,F,F,F,F,W;W,F,F,F,F,W,W,W,W,F,F,F,F,F,F,F,F,F,F,F,F,F,F,F,F,F,F,dr2,F,W,W,W,W,F,F,F,F,F,F,W;W,F,F,F,F,W,W,W,W,F,F,F,F,F,F,F,F,F,F,F,F,F,F,F,F,F,F,dtd,F,W,W,W,W,F,F,F,F,F,F,W;W,F,F,F,F,W,W,W,W,F,F,F,F,F,F,F,F,F,F,F,F,F,F,F,F,F,df,dtd,F,W,W,W,W,F,F,dm,dr1,dr2,F,W;W,dm,dn,F,F,F,F,F,F,F,F,F,F,F,F,F,F,F,F,F,F,F,F,F,F,F,F,F,F,F,F,F,F,F,F,F,F,F,F,W;W,F,F,F,F,F,F,F,F,F,F,F,F,F,F,F,F,F,F,F,F,F,F,F,F,F,F,F,F,F,F,F,F,F,F,F,F,F,F,W;W,F,F,F,F,mc3r3,F,F,F,F,F,F,F,F,F,F,F,F,F,F,F,F,F,F,F,F,F,F,F,F,F,F,F,mc3r3,F,F,F,F,F,DR5;W,F,F,F,F,F,F,F,dtd,F,F,F,F,F,F,F,F,F,F,F,F,F,F,F,F,F,F,F,F,F,F,F,F,F,F,F,F,F,F,W;W,F,F,F,F,W,W,W,W,F,F,F,F,F,F,F,F,F,F,F,F,F,F,F,F,F,F,F,F,W,W,W,W,F,F,F,F,F,F,W;W,F,F,F,F,W,W,W,W,F,F,F,F,F,F,F,F,F,F,F,F,F,F,F,F,F,F,F,F,W,W,W,W,F,F,F,F,F,F,W;W,F,F,F,F,W,W,W,W,F,F,F,F,F,F,F,F,F,F,F,F,F,F,F,F,F,F,F,F,W,W,W,W,F,F,F,F,F,F,W;W,F,F,F,F,W,W,W,W,F,F,F,F,F,F,F,F,F,F,F,F,F,F,F,F,F,F,F,F,W,W,W,W,F,F,F,F,F,F,W;W,F,F,F,F,F,F,F,F,F,F,F,F,F,F,F,F,F,F,F,F,F,F,F,F,F,F,F,F,F,F,dtc,dr2,F,F,F,F,F,F,W;W,F,F,F,F,F,F,F,F,F,F,F,F,F,F,F,F,F,F,F,F,F,F,F,F,F,F,F,F,F,F,F,F,F,F,F,F,F,F,W;W,F,F,F,F,F,F,F,F,F,F,F,F,F,F,F,F,F,F,F,F,F,F,F,F,F,F,F,F,F,F,F,F,F,F,F,F,F,F,W;W,F,df,F,F,F,F,F,F,F,F,F,F,F,F,F,F,F,F,F,F,F,F,F,F,F,F,F,F,F,F,F,F,F,F,F,F,F,F,W;W,F,dr1,F,F,F,F,F,F,F,F,F,F,F,F,F,F,F,F,F,P,F,F,F,F,F,F,F,F,F,F,F,F,F,F,F,F,F,F,W;W,F,F,F,F,F,F,F,F,F,F,F,F,F,F,F,F,F,F,F,F,F,F,F,F,F,F,F,F,F,F,F,F,F,F,F,F,F,F,W;W,F,F,F,F,F,F,F,F,F,F,F,F,F,F,F,F,F,F,F,F,F,F,F,F,F,F,F,F,F,F,F,F,F,F,F,F,F,dtd,W;W,F,F,F,F,F,F,F,F,F,F,F,F,F,F,F,F,F,F,F,Me4r3,F,F,F,F,F,F,F,F,F,F,F,F,F,F,F,F,dr2,df,W;W,F,F,F,F,F,F,F,F,F,F,F,F,F,F,F,F,F,F,F,F,F,F,F,F,F,F,F,F,F,F,F,F,F,F,F,F,F,dtd,W;W,F,F,F,F,F,F,F,F,F,F,F,F,F,F,F,F,F,F,F,F,F,F,F,F,F,F,F,F,F,F,F,F,F,F,F,F,F,dtb,W;W,F,F,F,F,F,F,F,F,F,F,F,F,F,F,F,F,F,F,F,F,F,F,F,F,F,F,F,F,F,F,F,F,F,F,F,F,F,F,W;W,F,F,dp,F,F,F,F,F,F,F,F,F,F,F,F,F,F,F,F,F,F,F,F,F,F,F,F,F,F,F,F,F,F,F,F,F,F,F,W;W,F,F,dt,F,F,F,F,F,F,F,F,F,F,F,F,F,F,F,F,F,F,F,F,F,F,F,F,F,F,F,F,F,F,F,F,F,F,F,W;W,F,F,F,F,F,F,F,F,F,F,F,F,F,F,F,F,F,F,F,F,F,F,F,F,F,F,F,F,F,F,F,F,F,F,F,F,F,F,W;W,F,W,W,F,F,F,F,F,F,F,F,F,F,F,F,F,F,F,F,F,F,F,F,F,F,F,F,F,F,F,F,F,F,F,W,W,F,F,W;W,F,W,W,F,F,F,F,F,F,F,F,F,F,F,F,F,dr1,F,F,F,F,F,F,F,F,F,F,F,F,F,F,F,dr2,dtb,W,W,F,F,W;W,dtc,dm,df,F,F,F,F,F,F,F,F,F,F,F,F,F,df,F,F,F,F,F,F,F,F,F,F,F,F,F,F,dtc,F,dn,F,F,F,F,W;W,W,W,W,W,W,W,W,W,W,W,W,W,W,W,W,W,W,W,W,DR5,W,W,W,W,W,W,W,W,W,W,W,W,W,W,W,W,W,W,W",0,0,Forest,,1.8,5,1,
ch1_elite_forest_04,Elite,40,45,"W,W,W,W,W,W,W,W,W,W,W,W,W,W,W,W,W,W,W,W,DR5,W,W,W,W,W,W,W,W,W,W,W,W,W,W,W,W,W,W,W;W,F,F,F,F,F,F,F,F,F,F,F,F,F,dtd,dn,F,F,F,F,F,F,F,df,dm,dtd,F,F,F,F,F,F,F,F,F,F,dr1,dl,dr1,W;W,F,F,F,F,F,F,F,F,F,F,F,F,F,F,dm,F,F,F,F,F,F,F,dr1,F,F,F,F,F,F,F,F,F,F,F,F,F,dt,F,W;W,F,F,F,F,F,F,F,F,F,F,F,F,F,df,dr1,F,F,F,F,F,F,F,df,F,F,F,F,F,F,F,F,F,F,F,F,F,F,F,W;W,F,F,F,F,F,F,F,F,F,F,F,F,F,F,F,F,F,F,F,F,F,F,F,F,F,F,F,F,F,F,F,F,F,F,F,F,F,F,W;W,F,F,F,F,F,F,F,F,F,F,F,F,F,F,F,F,F,F,F,F,F,F,F,F,F,F,F,F,F,F,F,F,F,F,F,dm,dp,F,W;W,F,F,F,F,F,F,F,F,F,dl,dl,F,F,F,F,F,F,F,F,F,F,F,F,F,F,F,F,F,F,F,F,F,F,F,F,F,F,F,W;W,F,F,F,F,F,F,F,F,F,F,F,F,F,F,F,F,F,F,F,F,F,F,F,F,F,F,F,F,F,F,F,F,F,F,F,F,F,F,W;W,F,F,F,F,F,F,F,F,F,dr2,F,F,F,F,F,F,F,F,F,F,F,F,F,F,F,F,F,F,F,F,F,F,F,F,F,F,F,F,W;W,F,F,F,F,F,F,F,F,F,dn,F,F,F,F,F,F,F,F,F,F,F,F,F,F,F,F,F,F,F,dm,F,F,F,F,F,F,dtd,F,W;W,F,F,F,F,F,F,F,F,F,F,F,F,F,F,F,F,F,F,F,Me4r3,F,F,F,F,F,F,F,F,dn,dm,F,F,F,F,F,F,dr2,F,W;W,F,F,F,F,F,F,F,F,F,W,W,F,F,F,F,F,F,F,F,F,F,F,F,F,F,F,dt,W,W,F,F,F,F,F,F,F,F,F,W;W,F,F,F,F,F,F,F,F,F,W,W,F,F,F,F,F,F,F,F,F,F,F,F,F,F,df,dl,W,W,F,F,F,F,F,F,F,F,F,W;W,F,F,F,F,F,F,F,F,F,F,F,F,F,F,F,F,F,F,F,F,F,F,F,F,F,dl,dtd,F,dl,F,F,F,F,F,F,F,F,F,W;W,F,F,F,F,F,F,F,F,F,F,F,F,F,F,F,F,F,F,F,F,F,F,F,F,F,F,F,F,dr1,dn,F,F,F,F,F,F,F,F,W;W,dtb,F,F,F,F,F,F,F,F,F,F,F,F,F,F,F,F,F,F,F,F,F,F,F,F,F,F,F,F,F,F,F,F,F,F,F,F,F,W;W,dm,dr1,F,F,F,F,F,F,F,F,F,F,F,F,F,mc3r3,F,F,F,F,F,mc3r3,F,F,F,F,F,F,F,F,F,F,F,F,F,F,F,F,W;W,F,F,F,F,F,F,F,F,F,F,F,F,F,F,F,F,F,F,F,F,F,F,F,F,F,F,F,F,F,F,F,F,F,F,F,F,F,F,W;W,F,F,F,F,F,F,F,F,F,F,F,F,F,F,F,F,F,F,F,F,F,F,F,F,F,F,F,F,F,F,F,F,F,F,F,F,F,F,W;W,F,F,F,F,F,F,F,F,F,F,F,F,F,F,F,F,F,F,F,F,F,F,F,F,F,F,F,F,F,F,dr2,dn,F,F,F,F,F,F,W;W,F,F,F,F,F,F,F,F,F,F,F,F,F,F,F,F,F,F,F,F,F,F,F,F,F,F,F,F,F,F,dtc,dtd,F,F,F,F,F,F,W;W,F,F,F,F,F,F,F,dtb,F,F,F,F,F,F,F,F,F,F,F,F,F,F,F,F,F,F,F,F,F,F,F,F,F,F,F,F,F,F,W;W,F,F,F,F,F,W,W,dp,F,F,F,F,F,F,F,F,F,F,F,F,F,F,F,F,F,F,F,F,F,F,W,W,F,F,F,F,F,F,DR5;W,F,F,F,F,F,W,W,dt,F,F,mc3r3,F,F,F,F,F,F,F,F,F,F,F,F,F,F,F,mc3r3,F,F,F,W,W,F,F,F,F,F,F,W;W,F,F,F,F,F,F,F,F,F,F,F,F,F,F,F,F,F,F,F,F,F,F,F,F,F,F,F,F,F,F,F,F,F,F,F,F,F,F,W;W,F,F,F,F,F,F,F,F,F,F,F,F,F,F,F,F,F,F,F,F,F,F,F,F,F,F,F,F,F,F,F,F,F,F,F,F,F,F,W;W,F,F,F,F,F,F,F,F,dalt,F,F,F,F,F,F,F,F,F,F,F,F,F,F,F,F,F,F,F,F,F,F,F,F,F,F,F,F,F,W;W,F,F,F,F,F,F,F,F,dl,dn,F,F,F,F,F,F,F,F,F,F,F,F,F,F,F,F,F,F,F,F,F,F,F,F,F,F,F,F,W;W,F,F,F,F,F,F,F,F,F,F,F,F,F,F,F,F,F,F,F,F,F,F,F,F,F,F,F,F,F,dm,F,F,F,F,F,F,F,df,W;W,F,F,F,F,F,F,F,F,F,F,F,F,F,F,F,F,F,F,F,F,F,F,F,F,F,F,F,F,dtd,dl,F,F,F,F,F,F,F,dp,W;W,F,F,F,F,F,F,F,F,F,F,F,F,F,F,F,F,F,F,F,F,F,F,F,F,F,F,F,dl,dp,F,F,F,F,F,F,F,F,F,W;W,F,F,F,F,F,F,F,F,F,W,W,F,F,F,F,F,F,F,F,F,F,F,F,F,F,F,F,W,W,F,F,F,F,F,F,F,F,F,W;W,F,dtd,F,F,F,F,F,F,F,W,W,F,F,F,F,F,F,F,F,P,F,F,F,F,F,F,F,W,W,F,F,F,F,F,F,F,F,F,W;W,F,dtc,dr1,dl,F,F,F,F,F,F,F,F,F,F,F,F,F,F,F,F,F,F,F,F,F,F,F,F,F,F,F,F,F,F,F,F,F,F,W;W,F,F,F,F,F,F,F,F,F,F,F,F,F,F,F,F,F,F,F,F,F,F,F,F,F,F,F,dtc,F,F,F,F,F,F,F,F,F,F,W;W,F,F,F,F,F,F,F,F,F,F,F,F,F,F,F,F,F,F,F,Me4r3,F,F,F,F,F,F,F,dp,F,F,F,F,F,F,F,F,F,F,W;W,F,F,F,F,F,F,F,F,F,F,F,F,F,F,F,F,F,F,F,F,F,F,F,F,F,F,F,F,F,F,F,F,F,F,F,F,F,F,W;W,F,F,F,F,F,F,F,F,F,F,F,F,F,F,F,F,F,F,F,F,F,F,F,F,F,F,F,F,F,F,F,F,F,F,F,F,F,F,W;W,F,F,F,F,F,F,F,F,F,F,F,F,F,F,F,F,F,F,F,F,F,F,F,F,F,F,F,F,F,F,F,F,F,F,F,F,F,F,W;W,F,F,F,F,F,F,F,F,F,F,F,F,F,F,F,F,F,F,F,F,F,F,F,F,F,F,F,F,F,F,F,F,F,F,F,F,F,F,W;W,F,F,F,F,F,F,F,F,F,F,F,F,F,F,F,F,F,F,F,F,F,F,F,F,F,F,F,F,F,F,F,F,F,F,F,F,F,F,W;W,F,dt,dr2,F,F,F,F,F,F,F,F,F,F,F,F,F,F,F,F,F,F,F,F,F,F,df,F,F,F,F,F,F,F,F,F,F,F,dtd,W;W,F,F,F,F,F,F,F,F,F,F,F,F,F,F,F,F,F,F,F,F,F,F,F,F,dl,dp,dr2,F,F,F,F,F,F,F,F,F,F,F,W;W,dt,dr1,df,F,F,F,F,F,F,F,F,F,F,F,F,F,F,F,F,F,F,F,dt,dm,F,F,F,F,F,F,F,F,F,F,F,F,F,dtc,W;W,W,W,W,W,W,W,W,W,W,W,W,W,W,W,W,W,W,W,W,DR5,W,W,W,W,W,W,W,W,W,W,W,W,W,W,W,W,W,W,W",0,0,Forest,,1.8,5,1,
ch1_normal_forest_13,Normal,36,35,"W,W,W,W,W,W,W,W,W,W,W,W,W,W,W,W,W,W,DR5,W,W,W,W,W,W,W,W,W,W,W,W,W,W,W,W,W;W,F,F,F,F,F,F,F,F,F,F,F,F,F,F,F,F,F,F,F,F,F,F,F,F,F,F,F,F,F,F,F,F,F,F,W;W,F,F,F,F,F,F,F,F,F,F,F,F,F,F,F,F,F,F,F,F,F,F,F,F,F,F,F,F,F,F,F,F,F,F,W;W,F,F,F,F,F,F,F,F,F,F,F,F,F,F,F,F,F,F,F,F,F,F,F,F,F,F,F,F,F,F,F,F,F,F,W;W,F,F,F,F,F,F,F,F,F,F,F,F,F,F,F,F,F,F,F,F,F,F,F,F,F,F,F,F,F,F,F,F,F,F,W;W,F,F,F,F,F,F,F,F,F,F,F,F,F,F,F,F,F,F,F,F,F,F,F,F,F,F,F,F,F,F,F,F,F,F,W;W,F,F,F,F,F,F,F,F,F,F,F,F,F,F,F,F,F,F,F,F,F,F,F,F,F,F,F,F,F,F,F,F,F,F,W;W,F,F,F,F,mc4r3,F,F,F,F,F,F,F,F,F,F,F,F,F,F,F,F,F,F,F,F,F,F,F,F,F,F,F,F,mc4r3,W;W,F,F,F,F,F,F,F,W,W,F,F,F,F,F,F,F,F,F,F,F,F,F,W,W,F,F,F,F,F,F,F,F,F,F,W;W,F,F,F,F,F,F,F,W,W,F,F,F,F,F,F,F,F,F,F,F,F,F,W,W,F,F,F,F,F,F,F,F,F,F,W;W,F,F,F,F,F,F,F,F,dr2,dn,F,F,F,F,F,F,F,F,F,mc5r4,F,F,F,F,F,F,F,F,F,F,F,F,F,F,W;W,F,F,F,F,F,F,F,dn,dr2,dr1,F,F,F,F,F,F,F,F,F,F,F,F,F,F,F,F,F,F,F,F,F,F,F,dm,W;W,F,F,F,F,F,F,F,F,F,F,F,F,F,F,F,F,F,F,F,F,F,F,F,F,F,F,F,F,F,F,F,F,F,dtd,W;W,F,F,F,F,F,F,F,F,F,F,F,F,F,F,F,F,F,dm,F,F,F,F,F,F,F,F,F,F,F,F,F,F,F,F,W;W,F,F,F,F,F,F,F,F,F,F,F,F,F,F,F,F,F,F,dsta,dp,F,F,F,F,F,F,F,F,F,F,F,F,F,F,W;W,F,F,F,F,F,F,F,F,F,F,F,F,F,F,F,F,F,F,F,dn,F,F,F,F,F,F,F,F,F,F,F,F,F,F,W;W,F,F,F,F,F,F,F,F,F,F,F,F,F,W,W,F,F,F,F,F,F,W,W,F,F,F,F,F,F,F,F,F,F,F,W;W,F,F,F,F,F,F,F,F,F,F,F,dtd,F,W,W,F,F,F,F,F,F,W,W,F,F,F,F,F,F,F,F,F,F,F,DR5;W,F,F,F,F,F,F,F,F,F,F,F,dr1,df,W,W,F,F,F,F,F,F,W,W,F,F,F,F,F,F,F,F,F,F,F,W;W,F,F,F,F,F,F,F,F,F,F,F,dt,F,W,W,F,F,F,F,F,F,W,W,F,F,F,df,F,F,F,F,F,F,F,W;W,F,F,F,F,F,F,mc4r3,F,F,F,F,F,F,F,dr2,dtc,dr1,F,F,P,F,F,F,F,F,F,F,F,F,F,mc4r3,F,F,F,W;W,F,F,F,F,F,F,F,F,F,F,F,F,F,F,dn,F,F,F,F,F,F,F,F,F,F,F,F,F,F,F,F,F,F,F,W;W,F,F,F,F,F,F,F,F,F,F,F,F,F,F,F,F,F,F,F,F,F,F,F,F,F,F,F,F,F,F,F,F,F,F,W;W,F,F,F,F,F,F,F,F,F,F,F,F,F,F,F,F,F,F,F,F,F,F,F,F,F,F,F,F,F,F,F,F,F,F,W;W,F,F,F,F,F,F,F,F,F,F,F,F,F,F,F,F,F,F,F,F,F,F,F,F,F,F,F,F,F,F,F,F,F,F,W;W,F,F,F,F,F,F,F,F,F,F,F,F,F,W,W,F,F,F,F,mc4r3,F,W,W,F,F,F,F,F,F,F,F,F,F,F,W;W,F,F,F,F,F,F,F,F,F,F,F,F,F,W,W,F,F,F,F,F,F,W,W,F,F,F,F,F,F,F,F,F,F,F,W;W,F,F,F,F,F,F,F,F,F,F,F,F,F,W,W,F,F,F,F,F,F,W,W,F,F,F,F,F,F,F,F,F,F,F,W;W,F,F,F,F,F,F,F,F,F,F,F,dr2,F,W,W,F,F,F,F,F,F,W,W,F,F,F,F,F,F,F,F,F,F,F,W;W,F,F,F,F,F,F,mc4r3,F,F,F,F,dr1,dp,dt,dm,dn,F,F,F,F,F,F,F,F,F,F,F,F,F,F,mc4r3,F,F,F,W;W,F,F,F,F,F,F,F,F,F,F,F,F,F,F,F,F,F,F,F,F,F,F,F,F,F,F,F,F,F,F,F,F,F,F,W;W,F,F,F,F,F,F,F,F,F,F,F,F,F,F,F,F,F,F,F,F,F,F,F,F,F,F,F,F,F,F,F,F,F,F,W;W,F,F,F,F,F,F,F,F,F,F,F,F,dr2,F,F,F,F,F,F,F,F,F,F,F,F,dtc,dt,F,F,dtb,F,F,F,F,W;W,F,F,F,F,F,F,F,F,F,dm,dtd,dtc,dl,F,F,F,F,F,F,F,F,F,F,F,dm,dr2,F,F,F,F,F,F,F,F,W;W,W,W,W,W,W,W,W,W,W,W,W,W,W,W,W,W,W,DR5,W,W,W,W,W,W,W,W,W,W,W,W,W,W,W,W,W",0,0,Forest,,0.85,4,1,
ch1_preboss_forest_01,PreBoss,36,36,"W,W,W,W,W,W,W,W,W,W,W,W,W,W,W,W,W,W,DR5,W,W,W,W,W,W,W,W,W,W,W,W,W,W,W,W,W;W,df,dn,F,F,F,F,F,F,F,F,F,F,F,F,F,F,F,F,F,F,F,F,dm,F,F,F,F,F,F,F,F,F,F,dtb,W;W,F,F,F,F,F,F,F,F,F,F,F,F,F,F,F,F,F,F,F,F,F,dr2,dr2,F,F,F,F,F,F,dtb,F,F,F,dr1,W;W,F,F,F,F,F,F,F,F,F,F,F,F,F,F,F,F,F,F,F,F,F,F,dn,F,F,F,F,F,F,dp,F,F,F,dn,W;W,F,dtd,F,F,F,F,F,F,F,F,F,F,F,F,F,F,F,F,F,F,F,F,F,F,F,F,F,F,F,F,F,F,F,F,W;W,F,dm,dr1,F,F,F,F,F,F,F,F,F,F,F,F,F,F,F,F,F,F,F,F,F,F,F,F,F,F,F,F,F,F,F,W;W,dtd,dm,F,F,F,F,F,F,F,F,F,F,F,F,F,F,F,F,F,F,F,F,F,F,F,F,F,F,F,F,F,F,F,F,W;W,F,F,F,F,F,F,F,F,F,F,F,F,F,F,F,F,F,F,F,F,F,F,F,F,F,F,F,F,F,F,F,F,F,F,W;W,dp,F,F,F,F,F,F,F,F,F,F,F,F,F,F,F,F,F,F,F,F,F,F,F,F,F,F,F,F,F,F,dn,dtb,dr2,W;W,dr1,F,F,F,F,F,F,F,F,F,F,F,F,F,F,F,F,F,F,F,F,F,F,F,F,F,F,F,F,F,F,dr2,dtd,F,W;W,F,F,F,F,F,F,F,F,F,F,F,F,F,F,F,F,F,F,F,F,F,F,F,F,F,F,F,F,F,F,F,F,F,F,W;W,F,F,F,F,F,F,F,F,F,F,F,F,F,F,F,F,F,F,F,F,F,F,F,F,F,F,F,F,F,F,F,F,F,F,W;W,F,F,F,F,F,F,F,F,F,F,F,F,F,F,F,F,F,F,F,F,F,F,F,F,F,F,F,F,F,F,F,F,F,F,W;W,F,F,F,F,F,F,F,F,F,F,F,F,F,F,F,F,F,F,F,F,F,F,F,F,F,F,F,F,F,F,F,F,F,F,W;W,F,F,F,F,F,F,F,F,F,F,F,F,F,F,F,F,F,F,F,F,F,F,F,F,F,F,F,F,F,F,F,F,F,F,W;W,F,dr2,F,F,F,F,F,F,F,F,F,F,F,F,F,F,F,F,F,F,F,F,F,F,F,F,F,F,F,F,F,F,dr2,dn,W;W,dp,dt,F,F,F,F,F,F,F,F,F,F,F,F,F,F,F,F,F,F,F,F,F,F,F,F,F,F,F,F,F,F,F,dtb,W;W,dt,dr1,dp,F,F,F,F,F,F,F,F,F,F,F,F,F,F,F,F,F,F,F,F,F,F,F,F,F,F,F,F,F,F,F,W;W,F,F,F,F,F,F,F,F,F,F,F,F,F,F,F,F,F,P,F,F,F,F,F,F,F,F,F,F,F,F,F,F,F,F,W;W,F,F,F,F,F,F,F,F,F,F,F,F,F,F,F,F,F,F,F,F,F,F,F,F,F,F,F,F,F,F,F,F,F,F,W;W,F,F,F,F,F,F,F,F,F,F,F,F,F,F,F,F,F,F,F,F,F,F,F,F,F,F,F,F,F,F,F,F,F,F,W;W,F,F,F,F,F,F,F,F,F,F,F,F,F,F,F,F,F,F,F,F,F,F,F,F,F,F,F,F,F,F,F,F,F,F,W;W,F,F,F,F,F,F,F,F,F,F,F,F,F,F,F,F,F,F,F,F,F,F,F,F,F,F,F,F,F,F,F,F,F,F,W;W,F,F,F,F,F,F,F,F,F,F,F,F,F,F,F,F,F,F,F,F,F,F,F,F,F,F,F,F,F,F,F,F,F,dtd,W;W,F,F,F,F,F,F,F,F,F,F,F,F,F,F,F,F,F,F,F,F,F,F,F,F,F,F,F,F,F,F,F,F,F,dr2,W;W,F,F,F,F,F,F,F,F,F,F,F,F,F,F,F,F,F,F,F,F,F,F,F,F,F,F,F,F,F,F,F,F,F,dr1,W;W,F,F,F,F,F,F,F,F,F,F,F,F,F,F,F,F,F,F,F,F,F,F,F,F,F,F,F,F,F,F,F,F,F,F,W;W,F,F,F,F,F,F,F,F,F,F,F,F,F,F,F,F,F,F,F,F,F,F,F,F,F,F,F,F,F,F,F,F,F,F,W;W,dr2,dr1,F,F,F,F,F,F,F,F,F,F,F,F,F,F,F,F,F,F,F,F,F,F,F,F,F,F,F,F,F,F,F,F,W;W,F,F,F,F,F,F,F,F,F,F,F,F,F,F,F,F,F,F,F,F,F,F,F,F,F,F,F,F,F,F,F,F,F,F,W;W,F,F,F,F,F,F,F,F,F,F,F,F,F,F,F,F,F,F,F,F,F,F,F,F,F,F,F,F,F,F,F,F,F,F,W;W,F,F,F,F,F,F,F,F,F,F,F,F,F,F,F,F,F,F,F,F,dn,F,F,F,F,F,F,F,F,F,F,F,F,F,W;W,F,F,F,F,F,F,F,F,F,F,F,F,F,F,F,F,F,F,F,F,F,F,F,F,F,F,F,F,F,F,F,F,F,F,W;W,F,F,F,F,F,F,F,F,F,F,F,dt,dl,dr1,F,F,F,F,F,F,dm,F,dtd,dn,F,F,F,F,F,F,F,F,F,F,W;W,dtd,dr2,dl,F,F,F,F,F,F,F,F,F,F,F,F,F,F,F,F,F,F,F,dn,dp,F,F,F,F,F,F,F,F,F,F,W;W,W,W,W,W,W,W,W,W,W,W,W,W,W,W,W,W,W,DR5,W,W,W,W,W,W,W,W,W,W,W,W,W,W,W,W,W",0,0,Forest,,0,0,1,
ch1_boss_forest_01,Boss,44,44,"W,W,W,W,W,W,W,W,W,W,W,W,W,W,W,W,W,W,W,W,W,W,W,W,W,W,W,W,W,W,W,W,W,W,W,W,W,W,W,W,W,W,W,W;W,F,F,F,F,F,F,F,F,F,F,F,F,F,F,F,F,F,F,F,F,F,F,F,F,F,F,F,F,F,F,F,F,F,F,F,F,F,F,F,F,F,F,W;W,F,F,F,F,F,F,F,F,F,F,F,F,F,F,F,F,F,F,F,F,F,F,F,F,F,F,F,F,F,F,F,F,F,F,F,F,F,F,F,F,F,F,W;W,F,F,F,F,F,F,F,F,F,F,F,F,F,F,F,F,F,F,F,F,F,F,F,F,F,F,F,F,F,F,F,F,F,F,F,F,F,F,F,F,F,F,W;W,F,F,F,F,F,F,F,F,F,F,F,F,F,F,F,F,F,F,F,F,F,F,F,F,F,F,F,F,F,F,F,F,F,F,F,F,F,F,F,F,F,F,W;W,F,F,F,F,F,F,F,F,F,F,F,F,F,F,F,F,F,F,F,F,F,F,F,F,F,F,F,F,F,F,F,F,F,F,F,F,F,F,F,F,F,F,W;W,F,F,F,F,F,F,F,F,F,F,F,F,F,F,F,F,F,F,F,F,F,F,F,F,F,F,F,F,F,F,F,F,F,F,F,F,F,F,F,F,F,F,W;W,F,F,F,F,F,F,F,F,F,F,F,F,F,F,F,F,F,F,F,F,F,F,F,F,F,F,F,F,F,F,F,F,F,F,F,F,F,F,F,F,F,F,W;W,F,F,F,F,F,F,F,F,F,F,F,F,F,F,F,F,F,F,F,F,F,F,F,F,F,F,F,F,F,F,F,F,F,F,F,F,F,F,F,F,F,F,W;W,F,F,F,F,F,F,F,F,F,F,F,F,F,F,F,F,F,F,F,F,F,F,F,F,F,F,F,F,F,F,F,F,F,F,F,F,F,F,F,F,F,F,W;W,F,F,F,F,F,F,F,F,F,F,F,F,F,F,F,F,F,F,F,F,F,F,F,F,F,F,F,F,F,F,F,F,F,F,F,F,F,F,F,F,F,F,W;W,F,F,F,F,F,F,F,F,F,F,F,F,F,F,F,F,F,F,F,F,F,F,F,F,F,F,F,F,F,F,F,F,F,F,F,F,F,F,F,F,F,F,W;W,F,F,F,F,F,F,F,F,F,F,F,F,F,F,F,F,F,F,F,F,F,F,F,F,F,F,F,F,F,F,F,F,F,F,F,F,F,F,F,F,F,F,W;W,F,F,F,F,F,F,F,F,F,F,F,F,F,F,F,F,F,F,F,F,F,F,F,F,F,F,F,F,F,F,F,F,F,F,F,F,F,F,F,F,F,F,W;W,F,F,F,F,F,F,F,F,F,F,F,F,F,F,F,F,F,F,F,F,F,F,F,F,F,F,F,F,F,F,F,F,F,F,F,F,F,F,F,F,F,F,W;W,F,F,F,F,F,F,F,F,F,F,F,F,F,F,F,F,F,F,F,F,F,F,F,F,F,F,F,F,F,F,F,F,F,F,F,F,F,F,F,F,F,F,W;W,F,F,F,F,F,F,F,F,F,F,F,F,F,F,F,F,F,F,F,F,F,F,F,F,F,F,F,F,F,F,F,F,F,F,F,F,F,F,F,F,F,F,W;W,F,F,F,F,F,F,F,F,F,F,F,F,F,F,F,F,F,F,F,F,F,F,F,F,F,F,F,F,F,F,F,F,F,F,F,F,F,F,F,F,F,F,W;W,F,F,F,F,F,F,F,F,F,F,F,F,F,F,F,F,F,F,F,F,F,F,F,F,F,F,F,F,F,F,F,F,F,F,F,F,F,F,F,F,F,F,W;W,F,F,F,F,F,F,F,F,F,F,F,F,F,F,F,F,F,F,F,F,F,F,F,F,F,F,F,F,F,F,F,F,F,F,F,F,F,F,F,F,F,F,W;W,F,F,F,F,F,F,F,F,F,F,F,F,F,F,F,F,F,F,F,F,F,F,F,F,F,F,F,F,F,F,F,F,F,F,F,F,F,F,F,F,F,F,W;W,F,F,F,F,F,F,F,F,F,F,F,F,F,F,F,F,F,F,F,F,F,F,F,F,F,F,F,F,F,F,F,F,F,F,F,F,F,F,F,F,F,F,W;W,F,F,F,F,F,F,F,F,F,F,F,F,F,F,F,F,F,F,F,F,F,B,F,F,F,F,F,F,F,F,F,F,F,F,F,F,F,F,F,F,F,F,W;W,F,F,F,F,F,F,F,F,F,F,F,F,F,F,F,F,F,F,F,F,F,F,F,F,F,F,F,F,F,F,F,F,F,F,F,F,F,F,F,F,F,F,W;W,F,F,F,F,F,F,F,F,F,F,F,F,F,F,F,F,F,F,F,F,F,F,F,F,F,F,F,F,F,F,F,F,F,F,F,F,F,F,F,F,F,F,W;W,F,F,F,F,F,F,F,F,F,F,F,F,F,F,F,F,F,F,F,F,F,F,F,F,F,F,F,F,F,F,F,F,F,F,F,F,F,F,F,F,F,F,W;W,F,F,F,F,F,F,F,F,F,F,F,F,F,F,F,F,F,F,F,F,F,F,F,F,F,F,F,F,F,F,F,F,F,F,F,F,F,F,F,F,F,F,W;W,F,F,F,F,F,F,F,F,F,F,F,F,F,F,F,F,F,F,F,F,F,F,F,F,F,F,F,F,F,F,F,F,F,F,F,F,F,F,F,F,F,F,W;W,F,F,F,F,F,F,F,F,F,F,F,F,F,F,F,F,F,F,F,F,F,F,F,F,F,F,F,F,F,F,F,F,F,F,F,F,F,F,F,F,F,F,W;W,F,F,F,F,F,F,F,F,F,F,F,F,F,F,F,F,F,F,F,F,F,F,F,F,F,F,F,F,F,F,F,F,F,F,F,F,F,F,F,F,F,F,W;W,F,F,F,F,F,F,F,F,F,F,F,F,F,F,F,F,F,F,F,F,F,F,F,F,F,F,F,F,F,F,F,F,F,F,F,F,F,F,F,F,F,F,W;W,F,F,F,F,F,F,F,F,F,F,F,F,F,F,F,F,F,F,F,F,F,F,F,F,F,F,F,F,F,F,F,F,F,F,F,F,F,F,F,F,F,F,W;W,F,F,F,F,F,F,F,F,F,F,F,F,F,F,F,F,F,F,F,F,F,F,F,F,F,F,F,F,F,F,F,F,F,F,F,F,F,F,F,F,F,F,W;W,F,F,F,F,F,F,F,F,F,F,F,F,F,F,F,F,F,F,F,F,F,F,F,F,F,F,F,F,F,F,F,F,F,F,F,F,F,F,F,F,F,F,W;W,F,F,F,F,F,F,F,F,F,F,F,F,F,F,F,F,F,F,F,F,F,F,F,F,F,F,F,F,F,F,F,F,F,F,F,F,F,F,F,F,F,F,W;W,F,F,F,F,F,F,F,F,F,F,F,F,F,F,F,F,F,F,F,F,F,F,F,F,F,F,F,F,F,F,F,F,F,F,F,F,F,F,F,F,F,F,W;W,F,F,F,F,F,F,F,F,F,F,F,F,F,F,F,F,F,F,F,F,F,F,F,F,F,F,F,F,F,F,F,F,F,F,F,F,F,F,F,F,F,F,W;W,F,F,F,F,F,F,F,F,F,F,F,F,F,F,F,F,F,F,F,F,F,F,F,F,F,F,F,F,F,F,F,F,F,F,F,F,F,F,F,F,F,F,W;W,F,F,F,F,F,F,F,F,F,F,F,F,F,F,F,F,F,F,F,F,F,F,F,F,F,F,F,F,F,F,F,F,F,F,F,F,F,F,F,F,F,F,W;W,F,F,F,F,F,F,F,F,F,F,F,F,F,F,F,F,F,F,F,F,F,F,F,F,F,F,F,F,F,F,F,F,F,F,F,F,F,F,F,F,F,F,W;W,F,F,F,F,F,F,F,F,F,F,F,F,F,F,F,F,F,F,F,F,F,P,F,F,F,F,F,F,F,F,F,F,F,F,F,F,F,F,F,F,F,F,W;W,F,F,F,F,F,F,F,F,F,F,F,F,F,F,F,F,F,F,F,F,F,F,F,F,F,F,F,F,F,F,F,F,F,F,F,F,F,F,F,F,F,F,W;W,F,F,F,F,F,F,F,F,F,F,F,F,F,F,F,F,F,F,F,F,F,F,F,F,F,F,F,F,F,F,F,F,F,F,F,F,F,F,F,F,F,F,W;W,W,W,W,W,W,W,W,W,W,W,W,W,W,W,W,W,W,W,W,W,W,DR5,W,W,W,W,W,W,W,W,W,W,W,W,W,W,W,W,W,W,W,W,W",0,0,Forest,,2,0,1,Arena_Boss_Ch1
ch1_event_sanctum_01,Event,22,22,"W,W,W,W,W,W,W,W,W,W,DR5,W,W,W,W,W,W,W,W,W,W,W;W,F,F,F,F,F,F,F,F,dm,F,dm,F,F,F,F,F,F,dr2,F,F,W;W,F,F,F,F,F,F,F,F,F,F,dr1,F,F,F,F,F,F,F,F,dt,W;W,F,F,F,F,F,F,F,F,F,F,dm,F,F,F,F,F,F,F,F,F,W;W,F,F,F,F,F,F,F,F,F,F,F,F,F,F,F,F,F,F,dl,F,W;W,F,F,F,F,F,F,F,F,F,F,F,F,F,F,F,F,dt,F,dt,F,W;W,F,F,F,F,F,F,F,F,F,F,F,F,F,F,dr2,dt,F,dn,F,F,W;W,F,F,dm,F,F,F,F,F,F,F,F,F,F,F,F,F,F,F,F,F,W;W,F,F,F,F,F,F,F,F,F,CV,F,F,F,F,F,F,F,dn,F,F,W;W,F,F,F,F,F,F,F,F,F,F,F,F,F,F,F,F,F,F,dn,F,W;W,F,F,F,F,F,F,F,F,F,F,F,F,F,F,F,F,F,F,F,F,W;W,F,F,F,F,F,F,F,F,F,F,dalt,F,F,F,F,F,F,F,F,F,W;W,F,F,F,F,dr2,F,F,F,F,F,F,F,F,F,F,F,F,F,F,F,W;W,F,F,F,df,F,F,F,F,F,F,F,F,F,F,F,F,F,F,F,F,W;W,F,F,F,F,F,F,F,F,F,F,F,F,F,F,F,F,F,F,F,F,W;W,F,F,F,F,F,F,F,F,F,F,F,F,F,F,F,F,F,F,F,F,W;W,F,F,F,F,F,F,F,F,F,P,F,F,F,F,F,F,F,F,F,F,W;W,F,F,F,F,F,F,F,F,F,F,F,F,F,F,F,F,F,F,dt,F,W;W,F,F,F,F,F,F,F,F,F,F,F,F,F,F,F,F,F,dt,dt,F,W;W,F,F,F,F,F,F,F,F,F,F,F,F,F,F,F,F,F,F,F,F,W;W,F,F,F,F,F,F,F,F,F,F,F,F,F,F,F,F,F,F,F,F,W;W,W,W,W,W,W,W,W,W,W,DR5,W,W,W,W,W,W,W,W,W,W,W",0,0,Forest,,0.0,0,1,
ch1_event_speed_01,Event,32,32,"W,W,W,W,W,W,W,W,W,W,W,W,W,W,W,W,DR5,W,W,W,W,W,W,W,W,W,W,W,W,W,W,W;W,F,dt,F,dl,F,dr2,F,F,F,F,F,F,F,F,F,F,dn,F,dr2,F,F,F,F,F,F,F,F,F,F,F,W;W,F,W,W,F,F,F,F,F,F,F,F,F,F,F,F,F,F,F,F,F,F,F,F,F,F,F,W,W,F,F,W;W,F,W,W,dp,F,F,F,F,F,F,F,F,F,F,F,F,dt,F,F,dp,F,F,F,F,F,F,W,W,F,F,W;W,F,F,F,F,F,F,F,F,F,F,F,F,F,F,F,F,F,F,F,F,dt,dt,dt,F,dt,F,F,F,F,F,W;W,F,F,F,F,F,F,F,F,F,F,F,F,F,F,F,F,F,F,F,F,F,F,F,F,F,F,F,F,F,F,W;W,F,dr1,F,dr1,F,F,F,F,F,F,F,F,F,F,F,F,F,df,F,F,F,F,F,F,F,F,F,F,F,F,W;W,F,F,F,F,F,F,F,F,F,F,F,F,F,F,F,F,F,F,F,F,F,F,dr2,F,F,F,F,F,F,F,W;W,F,F,F,F,F,F,F,F,F,F,F,F,F,F,F,mc3r2,F,F,F,F,F,F,F,F,F,F,dr2,F,F,F,W;W,F,F,dr1,F,F,F,F,F,F,F,F,F,F,F,F,F,F,F,F,F,F,F,F,F,F,F,F,F,F,F,W;W,F,F,F,F,F,F,F,F,F,F,F,F,F,F,F,F,F,F,F,F,F,F,F,F,F,F,F,F,F,F,W;W,F,F,F,F,F,F,F,F,F,F,F,F,F,F,F,dsta,F,F,F,F,F,F,dr1,F,F,F,F,F,F,F,W;W,F,F,F,F,dr1,F,F,F,F,F,F,F,F,F,F,F,F,F,F,F,F,F,F,F,F,F,F,F,F,F,W;W,F,F,F,F,F,F,F,F,F,F,F,F,F,F,F,F,F,F,F,F,F,F,F,dr2,F,F,F,F,F,dr2,W;W,F,F,F,F,F,F,F,F,F,F,F,F,F,F,F,F,F,F,F,F,F,F,F,F,F,F,F,F,F,F,W;W,F,F,F,F,F,F,F,F,F,F,F,F,F,F,F,F,F,F,F,F,F,F,F,F,dm,F,F,F,F,F,W;W,F,F,F,F,F,F,F,mc3r2,F,F,F,F,F,F,F,P,F,F,F,F,F,mc3r2,F,F,F,F,F,F,F,F,DR5;W,F,F,dn,F,F,F,F,F,F,F,F,F,F,F,F,F,F,F,F,F,F,F,F,F,F,F,F,F,F,dm,W;W,F,dt,F,F,F,F,F,F,F,F,F,F,F,F,F,F,F,F,F,F,F,F,F,F,F,F,F,F,F,F,W;W,F,F,F,F,F,F,F,F,F,F,F,F,F,F,F,F,F,F,F,F,F,F,F,F,F,F,F,F,F,F,W;W,F,F,F,F,F,F,F,F,F,F,F,F,F,F,F,F,dr2,F,F,F,F,F,F,F,F,F,df,F,F,F,W;W,F,F,F,F,F,F,F,F,F,F,F,F,F,F,F,F,F,F,F,F,F,F,F,F,F,F,F,F,F,F,W;W,F,F,F,F,F,F,F,F,F,F,F,dm,F,F,F,mc3r2,F,F,F,F,F,F,F,F,F,F,F,F,F,F,W;W,F,F,F,F,F,F,F,F,F,F,F,F,F,F,F,F,F,F,F,F,F,F,F,F,F,F,F,F,F,F,W;W,F,F,F,F,F,F,F,F,F,F,F,F,F,F,F,F,F,F,F,F,F,F,F,F,F,F,F,F,F,F,W;W,dr2,F,F,F,F,F,F,F,F,F,F,F,F,F,F,F,F,F,F,F,F,F,F,F,F,F,F,F,dm,F,W;W,F,F,F,F,F,F,F,F,F,F,F,dm,F,F,F,F,F,F,F,F,F,F,F,F,F,F,F,F,F,F,W;W,F,W,W,F,F,F,F,F,F,F,F,F,F,F,F,F,F,F,F,F,F,F,F,F,F,F,W,W,F,F,W;W,F,W,W,F,F,F,F,F,F,dn,F,F,F,F,F,F,F,F,F,F,F,F,F,F,dm,F,W,W,F,F,W;W,F,F,F,F,F,dt,F,F,dn,F,F,F,F,F,F,F,F,F,F,F,dr2,F,F,F,F,F,F,F,F,F,W;W,F,F,F,F,F,F,F,F,dp,F,F,F,F,F,F,dr1,F,F,F,F,F,F,dm,F,F,F,F,F,F,F,W;W,W,W,W,W,W,W,W,W,W,W,W,W,W,W,W,DR5,W,W,W,W,W,W,W,W,W,W,W,W,W,W,W",0,0,Forest,,0.4,3,1,
ch1_event_gamble_01,Event,22,22,"W,W,W,W,W,W,W,W,W,W,DR5,W,W,W,W,W,W,W,W,W,W,W;W,F,F,F,F,F,F,F,F,F,F,dp,F,F,F,F,F,F,F,F,dn,W;W,F,F,F,F,F,F,F,F,F,F,dr2,F,F,F,F,F,F,F,dp,dl,W;W,F,F,F,F,F,F,F,dp,F,F,dt,F,F,F,F,F,F,dn,F,F,W;W,F,F,F,F,F,F,F,F,F,F,dp,F,F,F,F,F,dt,dp,F,F,W;W,dm,F,F,F,F,F,F,F,dr2,F,dt,F,df,F,F,F,F,F,F,F,W;W,F,F,F,F,F,F,F,F,F,F,F,F,F,F,F,F,F,F,dn,F,W;W,F,F,F,F,F,F,F,F,F,F,F,F,F,F,F,F,dr2,F,F,F,W;W,F,F,F,F,F,F,F,F,F,F,F,F,F,F,F,F,F,F,dt,F,W;W,F,F,F,F,F,F,F,F,F,F,F,F,F,F,F,F,F,F,F,F,W;W,F,F,F,F,F,F,F,F,F,F,F,F,F,F,F,F,F,F,F,F,W;W,F,F,F,F,F,F,F,F,F,F,dsta,F,F,F,F,F,F,F,F,F,W;W,F,F,F,df,F,F,F,F,F,F,F,F,F,F,F,F,F,F,F,F,W;W,F,F,F,F,F,F,F,F,F,F,F,F,F,F,F,F,F,F,F,F,W;W,F,F,F,F,F,F,F,F,F,F,F,F,F,F,F,F,F,F,F,F,W;W,F,F,F,F,F,F,F,F,F,F,F,F,F,F,F,F,F,F,F,F,W;W,F,F,F,F,F,F,F,F,F,P,F,F,F,F,F,F,F,dr1,F,F,W;W,F,F,F,F,F,F,F,F,F,F,F,F,F,F,F,F,F,F,F,F,W;W,F,F,F,F,F,F,F,F,F,F,F,F,F,F,F,F,F,F,F,F,W;W,F,F,F,F,F,F,F,F,F,F,F,F,F,F,F,F,F,F,F,F,W;W,F,F,F,F,F,F,F,F,dr2,F,dm,F,F,F,F,dr1,F,F,F,F,W;W,W,W,W,W,W,W,W,W,W,DR5,W,W,W,W,W,W,W,W,W,W,W",0,0,Forest,,0.0,0,1,
ch1_crucible_01,Crucible,30,37,"W,W,W,W,W,W,W,W,W,W,W,W,W,W,W,DR5,W,W,W,W,W,W,W,W,W,W,W,W,W,W;W,F,F,F,F,F,F,F,F,F,F,F,F,F,F,dm,F,F,F,F,F,F,F,F,F,F,F,F,F,W;W,F,F,F,F,F,F,F,F,F,F,F,F,F,F,F,F,F,F,F,F,F,F,F,F,F,F,F,F,W;W,F,dp,F,F,F,F,F,F,F,F,F,F,F,F,F,F,F,F,F,F,F,F,F,F,F,F,F,F,W;W,dl,F,F,F,F,F,F,F,df,F,F,F,F,F,F,F,F,F,F,F,F,F,F,F,F,F,F,df,W;W,F,F,dn,F,F,F,F,F,F,F,F,F,F,F,F,F,F,F,F,F,F,F,F,F,F,F,F,F,W;W,F,F,dn,W,W,W,F,F,W,W,W,F,F,dr2,F,W,W,W,F,F,W,W,W,F,F,F,F,F,W;W,F,F,F,dt,F,F,F,F,F,F,F,F,F,F,F,F,F,F,F,F,dr2,F,F,F,F,F,F,F,W;W,F,F,F,F,F,F,F,F,F,F,F,F,F,F,F,F,F,F,F,F,F,F,F,F,F,F,dm,F,W;W,F,F,F,F,F,F,F,F,F,dr1,F,F,F,F,F,F,F,F,F,F,F,F,F,F,F,F,F,F,W;W,F,F,dp,dt,F,F,F,F,F,F,F,F,F,F,P,F,F,F,F,F,F,F,F,F,F,F,F,F,W;W,dt,F,F,F,F,F,F,F,F,F,F,F,F,F,F,F,F,F,F,F,F,F,F,F,F,F,F,F,W;W,F,F,dt,F,F,F,F,F,F,F,F,F,F,F,F,F,F,F,F,F,dr2,F,F,F,F,F,F,F,W;W,F,F,F,F,F,F,F,F,F,F,dr1,F,F,F,F,F,F,F,F,F,F,F,F,F,F,F,F,F,W;W,F,F,F,F,dt,F,F,F,F,F,F,F,F,F,F,F,F,F,F,F,F,F,F,F,F,F,F,F,W;W,F,dr2,F,F,F,F,F,F,F,F,F,F,F,F,F,F,F,F,F,F,F,F,F,F,F,F,F,F,W;W,F,F,F,F,F,F,F,F,F,F,F,F,F,F,F,F,F,F,F,F,F,F,F,F,F,F,F,F,W;W,F,dt,F,dn,F,F,F,F,F,F,F,F,F,F,F,F,F,F,F,F,F,F,F,F,F,F,F,F,W;W,F,F,F,F,F,F,F,F,F,F,F,F,F,F,F,F,F,F,F,F,F,F,F,F,F,F,dr2,F,W;W,F,F,F,F,F,F,F,F,F,F,F,F,F,F,F,F,F,F,F,F,F,F,F,F,F,F,F,F,W;W,F,F,F,F,F,F,F,F,F,F,F,F,F,F,F,F,F,F,F,F,F,F,F,F,F,F,F,F,W;W,F,F,F,F,F,F,F,F,F,F,F,F,F,F,F,F,F,F,F,F,F,F,F,F,F,F,F,F,W;W,F,F,F,F,F,F,dm,F,F,F,F,F,F,F,F,F,F,F,F,F,F,F,F,F,F,F,F,F,W;W,F,F,F,F,F,F,F,F,F,F,F,F,F,F,F,F,F,F,F,F,F,F,F,F,F,dt,F,dp,W;W,F,F,F,F,F,F,F,F,F,F,F,F,F,F,F,F,F,F,F,F,F,F,F,F,F,F,F,F,W;W,F,F,F,F,F,F,F,F,F,F,F,F,F,F,F,F,F,F,F,F,F,F,F,F,F,dr1,F,dt,W;W,F,F,F,F,F,F,F,F,F,F,F,F,dm,F,F,F,F,F,F,F,F,F,F,F,F,F,df,F,W;W,F,F,F,F,F,F,F,F,F,F,F,F,F,F,F,F,F,F,F,F,F,F,F,F,F,F,F,F,W;W,F,F,F,F,F,F,F,F,F,F,F,F,F,F,F,F,F,F,F,F,F,F,F,F,F,F,F,F,W;W,F,F,F,F,F,F,F,F,dr2,F,F,F,F,F,F,F,F,F,F,F,F,F,F,F,F,F,F,F,W;W,F,F,F,F,F,F,F,F,F,F,F,F,F,F,dm,F,F,F,F,F,F,F,F,dr2,F,F,F,F,W;W,F,F,F,F,F,F,F,F,F,F,F,F,F,F,F,F,F,F,F,F,F,F,F,F,F,F,F,F,W;W,F,F,F,F,F,F,F,F,F,F,F,F,F,F,F,dt,F,F,F,df,F,F,F,F,F,F,F,F,W;W,F,F,F,F,F,F,F,F,F,F,F,F,F,dl,dn,F,dr2,F,F,F,F,F,F,F,F,F,F,F,W;W,F,F,F,F,F,F,F,F,F,F,F,F,F,F,F,F,F,F,F,F,F,F,F,F,F,F,F,F,W;W,F,F,F,F,F,F,F,F,F,F,F,F,F,F,F,dn,F,F,F,F,F,F,F,F,F,F,F,F,W;W,W,W,W,W,W,W,W,W,W,W,W,W,W,W,DR5,W,W,W,W,W,W,W,W,W,W,W,W,W,W",0,0,Forest,,0.0,0,1,
ch1_event_survival_01,Event,32,32,"W,W,W,W,W,W,W,W,W,W,W,W,W,W,W,W,DR5,W,W,W,W,W,W,W,W,W,W,W,W,W,W,W;W,F,F,F,F,F,F,F,F,F,F,F,F,F,F,F,F,F,F,F,F,F,F,F,F,dl,dm,dm,F,F,F,W;W,F,F,F,F,F,F,F,F,F,F,F,F,F,F,F,F,F,F,F,F,F,F,F,F,dr1,df,F,F,F,dtb,W;W,F,F,F,F,F,F,F,F,F,F,F,F,F,F,F,F,F,F,F,F,F,F,F,F,F,F,F,F,F,F,W;W,F,F,F,F,F,F,F,F,F,F,F,F,F,F,F,F,F,F,F,F,F,F,F,F,F,F,F,F,F,dr2,W;W,F,F,F,F,F,F,F,F,F,F,F,F,F,F,F,F,F,F,F,F,F,F,F,F,F,F,F,F,F,dr2,W;W,F,F,F,F,F,F,F,F,F,F,F,F,F,F,F,F,F,F,F,F,F,F,F,F,F,F,F,F,F,dr2,W;W,F,F,F,F,F,F,F,F,F,F,F,F,F,F,F,F,F,F,F,F,F,F,F,F,F,F,F,F,F,F,W;W,F,F,F,F,F,F,F,mc3r2,F,F,dn,F,F,F,F,F,F,F,F,F,F,mc3r2,F,F,F,F,F,dm,dp,dr1,W;W,F,F,F,F,F,F,F,F,F,F,dr1,df,F,F,F,F,F,F,F,F,F,F,F,F,F,F,F,F,F,F,W;W,F,F,F,F,F,F,F,F,F,W,W,dtc,F,F,F,F,F,F,W,W,F,F,F,F,F,F,F,F,F,F,W;W,F,F,F,F,F,F,F,F,F,W,W,F,F,F,F,F,F,F,W,W,F,F,F,F,F,F,F,F,F,F,W;W,F,F,F,F,F,F,F,F,F,F,F,F,F,F,F,F,F,F,F,F,F,F,F,F,F,F,F,F,F,F,W;W,F,F,F,F,F,F,F,F,F,F,F,F,F,F,F,F,F,F,F,F,F,F,F,F,F,F,F,F,F,F,W;W,F,F,F,F,F,F,F,F,F,F,F,F,F,F,F,F,F,F,F,F,F,F,F,F,F,F,F,F,F,F,W;W,F,F,F,F,F,F,F,F,F,F,F,F,F,F,F,F,F,F,F,F,F,F,F,F,F,F,F,F,F,F,W;W,F,F,F,F,F,F,F,F,F,F,F,F,F,F,F,P,F,F,F,F,F,F,F,F,F,F,F,F,F,F,DR5;W,F,F,F,F,F,F,F,dm,dl,dr2,F,F,F,F,F,F,F,F,F,F,F,F,F,F,F,F,F,F,F,F,W;W,F,F,F,F,F,F,F,F,dn,dr2,F,F,F,F,F,F,F,F,F,F,F,F,F,F,F,F,F,F,F,F,W;W,dtb,F,F,F,F,F,F,F,F,W,W,F,F,F,F,F,F,F,W,W,F,F,F,F,F,F,F,dn,dtd,F,W;W,dl,F,F,F,F,F,F,F,F,W,W,F,F,F,F,F,F,F,W,W,F,F,F,F,F,F,F,F,F,F,W;W,F,F,F,F,F,F,F,F,F,F,F,F,F,F,F,F,F,F,F,F,F,F,F,F,F,F,F,F,F,F,W;W,dtb,F,F,F,F,F,F,mc3r2,F,F,F,F,F,F,F,F,F,F,F,F,F,mc3r2,F,F,F,F,F,F,F,F,W;W,F,F,F,F,F,F,F,F,F,F,F,F,F,F,F,F,F,F,F,F,F,F,F,F,F,F,F,F,F,F,W;W,F,F,F,F,dr1,F,F,F,F,F,F,F,F,F,F,F,F,F,F,F,F,F,F,F,F,F,F,F,F,F,W;W,F,F,F,F,dsta,dr2,F,F,F,F,F,F,F,F,F,F,F,F,F,F,F,F,F,F,F,F,F,F,dl,dl,W;W,F,F,F,F,F,dp,F,F,F,F,F,F,F,F,F,F,F,F,F,F,F,F,F,F,F,F,F,F,F,dr2,W;W,F,F,F,F,F,F,F,F,F,F,F,F,F,F,F,F,F,F,F,F,F,F,F,F,F,F,F,F,F,F,W;W,F,F,F,F,F,F,F,F,F,F,F,F,F,F,F,F,F,F,F,F,F,F,F,F,dm,F,F,F,F,F,W;W,F,F,F,F,F,F,F,F,F,F,F,F,F,F,F,F,F,F,F,F,F,F,F,dp,dtd,F,F,F,F,F,W;W,F,F,F,F,F,F,F,F,F,F,F,F,F,F,F,F,F,F,F,F,F,F,F,F,dl,F,F,F,F,F,W;W,W,W,W,W,W,W,W,W,W,W,W,W,W,W,W,DR5,W,W,W,W,W,W,W,W,W,W,W,W,W,W,W",0,0,Forest,,0.4,3,1,
ch1_refinery_01,Refinery,30,37,"W,W,W,W,W,W,W,W,W,W,W,W,W,W,W,DR5,W,W,W,W,W,W,W,W,W,W,W,W,W,W;W,F,F,F,F,F,F,F,F,F,F,F,F,F,F,F,F,F,F,F,dr1,dtd,dm,dp,dt,dr1,dp,F,F,W;W,F,dt,F,F,F,F,F,F,F,F,F,F,F,F,F,F,F,F,F,F,F,F,F,F,F,F,F,F,W;W,F,dr1,F,F,F,F,F,F,F,F,F,F,F,F,F,F,F,F,F,F,F,F,F,F,F,F,F,F,W;W,F,F,F,F,F,F,F,F,F,F,F,F,F,F,F,F,F,F,F,F,df,F,F,F,F,F,F,F,W;W,F,F,F,F,F,F,F,F,F,F,F,F,F,F,F,F,F,F,F,dn,F,F,F,F,F,F,F,F,W;W,F,F,F,W,W,W,F,F,W,W,W,F,F,F,F,W,W,W,F,F,W,W,W,F,F,F,F,F,W;W,F,F,F,F,F,F,F,F,F,F,F,dr1,F,F,dtc,dt,F,F,F,F,F,F,F,F,F,F,F,F,W;W,F,F,F,F,F,F,F,F,F,F,F,F,F,F,F,F,F,F,F,F,F,F,F,F,F,F,F,dl,W;W,F,F,F,F,F,F,F,F,F,F,F,F,F,F,F,F,F,F,F,F,F,F,F,F,F,F,F,df,W;W,F,F,F,F,F,F,F,F,F,F,F,F,F,F,P,F,F,F,F,F,F,F,F,F,F,F,F,dr2,W;W,F,F,F,F,F,F,F,F,F,F,F,F,F,F,F,F,F,F,F,F,F,F,F,F,F,F,F,F,W;W,F,F,F,F,F,F,F,F,F,F,F,F,F,F,F,F,F,F,F,F,F,F,F,F,F,F,F,F,W;W,F,F,F,F,F,F,F,F,F,F,F,F,F,F,F,F,F,F,F,F,F,F,F,F,F,F,F,F,W;W,F,F,dr1,F,F,F,F,F,F,F,F,F,F,F,F,F,F,F,F,F,F,F,F,F,F,F,F,dtc,W;W,F,F,F,dsta,F,F,F,F,F,F,F,F,F,F,F,F,F,F,F,F,F,F,F,F,F,F,F,dtb,W;W,F,F,F,dr2,dl,F,F,F,F,F,F,F,F,F,F,F,F,F,F,F,F,F,F,F,F,F,dr2,dtc,W;W,F,F,F,F,F,F,F,F,F,F,F,F,F,F,F,F,F,F,F,F,F,F,F,F,F,F,F,F,W;W,F,F,F,F,F,F,F,F,F,F,F,F,F,F,F,F,F,F,F,F,F,F,F,F,F,dr1,dm,dt,W;W,dt,F,F,F,F,F,F,F,F,F,F,F,F,F,F,F,F,F,F,F,F,F,F,F,F,F,F,dtb,W;W,dp,F,F,F,F,F,F,F,F,F,F,F,F,F,F,F,F,F,F,F,F,F,F,F,F,F,F,F,W;W,dp,F,F,F,F,F,F,F,F,F,F,F,F,F,F,F,F,F,F,F,F,F,F,F,F,F,F,F,W;W,F,F,F,F,F,F,F,F,F,F,F,F,F,F,F,F,F,F,F,F,F,F,F,F,F,F,F,F,W;W,F,F,F,F,F,F,F,F,F,F,F,F,F,F,F,F,F,F,F,F,F,F,F,F,F,F,F,F,W;W,F,F,F,F,F,F,F,F,F,F,F,F,F,F,F,F,F,F,F,F,F,F,F,F,F,F,F,F,W;W,F,F,F,F,F,F,F,F,F,F,F,F,F,F,F,F,F,F,F,F,F,F,F,F,F,F,F,F,W;W,F,F,F,F,F,F,F,F,F,F,F,F,F,F,F,F,F,F,F,F,F,F,F,F,F,F,F,F,W;W,F,F,F,F,F,F,F,F,F,F,F,F,F,F,F,F,F,F,F,F,F,F,F,F,F,F,F,F,W;W,F,F,F,F,F,F,F,F,F,F,F,F,F,F,F,F,F,F,F,F,F,F,F,F,F,F,F,F,W;W,F,F,F,F,F,F,F,F,F,F,F,F,F,F,F,F,F,F,F,F,F,F,F,F,F,F,F,F,W;W,F,F,F,F,F,F,F,F,F,F,F,F,F,F,F,F,F,F,F,F,F,F,F,F,F,F,F,F,W;W,F,F,F,F,F,F,F,F,F,F,F,F,F,F,F,F,F,F,F,F,F,F,F,F,F,F,F,F,W;W,F,F,F,F,F,F,F,F,F,F,F,F,F,F,F,F,F,F,F,F,F,F,F,F,F,F,F,F,W;W,dl,dtc,F,F,F,F,F,dr1,F,F,F,F,F,F,F,F,F,F,F,F,F,F,F,F,F,F,F,F,W;W,dtd,F,F,F,F,F,F,dr2,F,F,F,F,F,F,F,F,F,dtc,F,F,F,F,F,F,F,F,F,F,W;W,dp,F,F,F,F,F,dt,dl,dn,F,F,F,F,F,F,F,F,dr2,F,F,F,F,F,F,F,F,F,F,W;W,W,W,W,W,W,W,W,W,W,W,W,W,W,W,DR5,W,W,W,W,W,W,W,W,W,W,W,W,W,W",0,0,Forest,,0.0,0,1,
